"","State","Year","BDPRP","BFFDB","CLPRB","CLPRK","EMFDB","ENPRP","GETCB","HYTCB","NCPRB","NGMPB","NUETB","PAPRB","REPRB","SOTCB","WWPRB","WYTCB","CO2.Emissions..Mmt.","TotalNumberofInvestments","TotalAmountofAssistance"
"1","Alabama",2015,356,1933,331420,25.122,0,0,141,91902,92144,182481,438728,55421,258955,101,164877,0,35.0278036,16,3345612
"2","Alabama",2016,351,1906,247632,25.68,0,0,141,64484,65056,176290,417334,46417,230734,431,163772,0,33.40561066,14,2247734
"3","Alabama",2017,292,1585,326748,25.407,0,0,141,85103,87057,159686,446097,39100,258549,1812,169907,0,33.72913017,18,13509662
"4","Alabama",2018,304,1652,370533,25.065,0,0,141,101447,105013,149607,412584,33591,279560,3425,172895,0,34.51458857,44,18236626
"5","Alabama",2019,275,1494,350506,24.816,0,0,141,101563,105332,138425,455865,27687,278142,3628,171316,0,34.25944031,32,13734021
"6","Alabama",2020,287,1558,313282,25.782,0,0,141,117112,120692,124831,454756,24528,288515,3439,166266,0,35.96752671,37,9567164
"7","Alaska",2015,4,21,17747,15.073,0,0,186,14621,16298,380887,0,1007501,23807,3,7488,1488,119.2008893,164,1864412
"8","Alaska",2016,5,27,13942,14.957,0,0,186,15317,17081,369865,0,1026401,25155,14,8048,1563,113.9837834,129,1206793
"9","Alaska",2017,5,29,14365,14.978,0,0,186,15143,16655,382940,0,1033270,23620,20,6937,1305,108.5943783,104,2414699
"10","Alaska",2018,3,15,13752,15.253,0,0,186,15151,16777,375279,0,997415,24158,28,7366,1411,112.3554714,75,1844186
"11","Alaska",2019,0,0,14867,15.252,0,0,186,14456,15951,364363,0,968358,22754,40,6803,1270,106.2507516,54,840218
"12","Alaska",2020,0,0,15523,15.206,0,0,186,15475,16851,376283,0,932482,24682,62,7831,1128,98.30858488,47,1174323
"13","Arizona",2015,2,6602,146450,21.522,6590,1154,345,60906,113693,99,340153,212,128954,48229,8659,4213,59.05336455,477,13453887
"14","Arizona",2016,10,6204,116678,21.516,6147,1078,345,66173,124372,49,338636,46,138522,52854,7946,5000,62.12624984,703,4637664
"15","Arizona",2017,0,6584,134024,21.543,6584,1155,345,62942,134856,58,338246,74,149493,66318,8053,5251,64.17625679,469,2069460
"16","Arizona",2018,0,6758,140759,21.489,6758,1184,345,63566,139517,44,325122,57,156071,70779,9796,4827,70.78614615,414,79970512
"17","Arizona",2019,0,3026,82222,21.398,3026,531,345,55251,133794,68,333312,40,148194,73262,11374,4937,65.07220242,302,60034678
"18","Arizona",2020,0,0,0,0,0,0,345,56354,142484,68,329471,28,152046,80134,9562,5651,54.74274607,174,61208016
"19","Arkansas",2015,815,4429,1819,19.893,0,0,808,33261,34194,1031466,144716,35611,117840,124,79217,0,94.97878443,65,1724853
"20","Arkansas",2016,990,5377,974,19.705,0,0,808,32958,34139,839485,140370,31580,115419,372,75904,0,90.85562563,54,2053339
"21","Arkansas",2017,1244,6760,832,19.472,0,0,808,27117,28367,708482,132736,30263,116692,442,81565,0,90.47614096,46,1714281
"22","Arkansas",2018,1748,9499,0,0,0,0,808,27392,30317,600455,132996,28553,126121,2117,86305,0,94.09550866,48,539053
"23","Arkansas",2019,1581,8589,0,0,0,0,808,36819,39884,534585,141750,27538,133513,2256,85041,0,92.53702529,29,95135122
"24","Arkansas",2020,1553,8437,0,0,0,0,808,39747,43767,489956,157288,23578,111538,3212,59334,0,80.13670754,24,23756565
"25","California",2015,747,30601,0,0,26544,4650,112878,128681,567365,271086,193529,1150741,737527,211839,139561,113967,351.408516,1023,30077512
"26","California",2016,1081,32765,0,0,26893,4717,107912,267194,767360,234094,197754,1064744,929692,267538,129568,124715,353.3561319,848,59755992
"27","California",2017,1001,34240,0,0,28804,5051,108637,390292,957430,240221,187227,992385,1122218,340363,130548,118138,356.5165476,786,30392556
"28","California",2018,1095,35465,0,0,29515,5170,108445,239714,857451,228906,190422,916715,1026274,381618,133358,127674,358.5947178,749,28208367
"29","California",2019,1011,31877,0,0,26386,4632,99329,341549,968843,220789,168799,890882,1140051,405654,139332,122311,358.1643733,609,158244985
"30","California",2020,896,20264,0,0,15395,2710,101857,187545,845282,192081,169773,814462,1013850,436716,148305,119164,303.4067142,442,58722209
"31","Colorado",2015,0,19861,403605,21.379,19861,3479,759,15098,91789,1965188,0,698737,126586,6270,14936,69662,91.30387161,206,1658730
"32","Colorado",2016,0,19461,270920,21.444,19461,3413,759,17565,114808,1981005,0,663969,149600,9509,15331,86977,88.42427593,258,1800615
"33","Colorado",2017,0,19828,320001,21.267,19828,3477,759,17479,118027,2028824,0,744780,153379,13973,15524,85816,88.77624019,181,1385451
"34","Colorado",2018,0,19735,293149,20.901,19735,3457,759,16618,121433,2217310,0,966448,156998,15336,15831,88720,90.06168948,142,29876375
"35","Colorado",2019,0,18725,270466,21.018,18725,3287,759,16127,130306,2394039,0,1096198,167095,16780,18063,96640,91.72734664,96,10796826
"36","Colorado",2020,0,18248,210494,20.977,18248,3212,759,14638,152466,2423537,0,955132,186132,19632,15418,117437,79.89356751,46,6304206
"37","Connecticut",2015,132,715,0,0,0,0,21,2819,5792,0,182083,0,33234,2952,26728,0,36.32904924,33,1340702
"38","Connecticut",2016,275,1496,0,0,0,0,21,2069,6336,0,173363,0,34249,4128,26418,118,34.09544003,28,962061
"39","Connecticut",2017,254,1379,0,0,0,0,21,3060,8284,0,172570,0,32888,5086,23225,117,33.8574222,40,788599
"40","Connecticut",2018,423,2296,0,0,0,0,21,5056,11668,0,176496,0,37572,6480,23608,112,37.38424068,21,1486681
"41","Connecticut",2019,434,2359,0,0,0,0,21,3811,11485,0,174730,0,37172,7545,23328,109,36.63166173,19,1306178
"42","Connecticut",2020,484,2627,0,0,0,0,21,2860,12285,0,164095,0,37394,9298,22482,107,33.76833256,13,491729
"43","Delaware",2015,0,0,0,0,0,0,430,0,1708,0,0,0,3517,1230,1809,48,13.9053954,68,1452666
"44","Delaware",2016,0,0,0,0,0,0,430,0,1612,0,0,0,3105,1133,1493,49,14.41948129,38,502817
"45","Delaware",2017,0,0,0,0,0,0,430,0,1830,0,0,0,3269,1354,1439,46,13.76698515,65,1636426
"46","Delaware",2018,0,0,0,0,0,0,430,0,1969,0,0,0,3389,1492,1419,47,13.98931001,32,824222
"47","Delaware",2019,0,0,0,0,0,0,430,0,2105,0,0,0,3611,1628,1506,47,13.58957516,40,1485254
"48","Delaware",2020,0,0,0,0,0,0,430,0,2118,0,0,0,3571,1642,1454,45,12.4713014,29,23750266
"49","Florida",2015,119,645,0,0,0,0,10056,2277,42466,1162,294099,12623,223761,30133,180650,0,237.3833592,45,3527420
"50","Florida",2016,103,558,0,0,0,0,10056,1611,42513,1062,306658,11066,223405,30846,180333,0,238.8326956,72,4068360
"51","Florida",2017,157,855,0,0,0,0,10056,2011,50264,1048,304840,11005,236674,38197,185555,0,238.4284129,56,1239122
"52","Florida",2018,335,1818,0,0,0,0,10056,2117,65529,1123,306461,10493,247001,53356,179653,0,242.0091133,62,49550089
"53","Florida",2019,169,920,0,0,0,0,10056,1869,80308,1295,303946,11037,248107,68383,166879,0,233.5527795,53,52936642
"54","Florida",2020,31,167,0,0,0,0,10056,2033,106617,1037,307197,8468,258173,94529,151389,0,207.6363255,25,8467648
"55","Georgia",2015,229,14563,0,0,13321,2334,315,27804,30579,0,353883,0,269514,2461,224371,0,145.6756383,247,6155856
"56","Georgia",2016,326,17166,0,0,15397,2700,315,31137,41707,0,360633,0,282334,10256,223461,0,144.537737,222,20155611
"57","Georgia",2017,320,16168,0,0,14429,2530,315,22201,43232,0,352560,0,275016,20716,215617,0,141.8352401,185,2884817
"58","Georgia",2018,254,15154,0,0,13776,2413,315,33656,54929,0,359262,0,288295,20958,218212,0,141.9209237,192,7882488
"59","Georgia",2019,200,16987,0,0,15901,2792,315,35230,57849,0,350759,0,301842,22304,227006,0,136.4670209,191,2374660
"60","Georgia",2020,244,7968,0,0,6641,1169,315,40905,77605,0,342766,0,313196,36385,227623,0,116.5918388,151,7307409
"61","Hawaii",2015,70,383,0,0,0,0,2154,1129,17353,0,0,0,24957,8360,7220,5710,19.7810368,16,1033143
"62","Hawaii",2016,83,451,0,0,0,0,2409,839,18961,0,0,0,27593,9813,8181,5900,19.81846857,18,429104
"63","Hawaii",2017,88,479,0,0,0,0,2980,609,21070,0,0,0,26964,12579,5415,4902,20.43258289,14,1467132
"64","Hawaii",2018,94,509,0,0,0,0,1010,879,20439,0,0,0,26299,13070,5351,5480,20.30121291,22,5818783
"65","Hawaii",2019,89,484,0,0,0,0,8,842,19884,0,0,0,25273,14320,4905,4714,20.51554679,14,329849
"66","Hawaii",2020,87,472,0,0,0,0,92,867,23057,0,0,0,27957,16902,4427,5196,14.92380827,19,1153848
"67","Idaho",2015,0,8871,0,0,8871,1554,2207,81603,105046,1192,0,172,153503,81,39585,21156,77.41573961,198,5552396
"68","Idaho",2016,0,9206,0,0,9206,1615,2167,83395,109756,5208,0,1230,151509,390,32547,23804,73.98337008,149,4220545
"69","Idaho",2017,0,9367,0,0,9367,1643,2280,98306,128436,4192,0,521,173010,4405,35206,23444,76.30357904,179,6233820
"70","Idaho",2018,0,9324,0,0,9324,1633,2259,100366,132184,2113,0,502,178935,5388,37427,24172,82.42756253,239,8883799
"71","Idaho",2019,0,8946,0,0,8946,1571,2354,92017,122586,1139,0,125,169244,5500,37711,22715,77.29621466,120,3041432
"72","Idaho",2020,0,2071,0,0,2071,365,2297,83415,115768,112,0,6,151616,5750,33778,24306,65.65085411,156,63476066
"73","Illinois",2015,3513,230655,1252879,22.282,211568,37062,2042,1160,105293,2210,1017377,54426,355359,1938,19411,100154,18.03591394,108,1895904
"74","Illinois",2016,3423,252801,977131,22.424,234203,41078,2042,1226,103746,2317,1031331,49432,375139,2033,18592,98445,18.3418212,127,1317624
"75","Illinois",2017,3260,243223,1079624,22.351,225509,39548,2042,1153,118502,2260,1016522,47581,378606,2285,16880,113023,18.70279024,88,988061
"76","Illinois",2018,3374,226419,1095887,22.147,208086,36449,2042,1334,114443,2596,1025651,48045,359817,2739,18955,108328,19.04276093,89,1198524
"77","Illinois",2019,3196,218212,1014448,22.103,200846,35260,2042,1103,135410,2279,1030996,46969,372731,3503,19109,128763,20.08591692,60,910270
"78","Illinois",2020,3750,212442,689464,21.702,192069,33807,2042,1184,151290,1951,1046769,40782,381252,5714,17520,142350,19.35911788,34,733911
"79","Indiana",2015,2179,155552,776493,22.641,143711,25175,4647,3553,51990,7446,0,12686,242141,1714,34599,42077,219.157681,57,2533998
"80","Indiana",2016,2389,166925,654493,22.752,153944,27001,4647,3935,56205,6441,0,10397,257458,2391,34328,45232,207.4305588,36,1325335
"81","Indiana",2017,2340,169356,713397,22.668,156644,27471,4647,2820,57387,6168,0,10181,260439,3032,33696,46889,205.9749865,32,1262924
"82","Indiana",2018,2325,174262,781628,22.592,161632,28312,4647,2027,59866,5292,0,9609,271248,3693,37120,49500,213.1001319,64,5112413
"83","Indiana",2019,2105,154618,712235,22.569,143184,25137,4647,2280,66440,5306,0,8997,257250,4160,36192,55354,203.43232,84,11321378
"84","Indiana",2020,2382,144450,450768,22.603,131509,23148,4647,2375,66949,4419,0,7979,246985,4767,35585,55161,169.8637056,107,3526853
"85","Iowa",2015,5762,568234,0,0,536929,94058,1281,8948,177203,0,54836,0,766862,419,21425,166555,187.2335142,68,2525723
"86","Iowa",2016,7071,585659,0,0,547240,95983,1281,8464,195637,0,49185,0,801820,587,20524,185305,181.8275677,45,11391681
"87","Iowa",2017,6810,610395,0,0,573399,100558,1281,9526,208620,0,54528,0,837092,905,18077,196907,175.8904931,46,4052088
"88","Iowa",2018,8690,641146,0,0,593931,104035,1281,8420,205217,0,51181,0,865784,1291,19420,194225,189.2161684,59,5700232
"89","Iowa",2019,8143,637409,0,0,593169,104135,1281,7091,244222,0,54671,0,901961,1604,20330,234246,176.1079655,52,1593785
"90","Iowa",2020,8357,568865,0,0,523461,92137,1281,8994,312229,0,30333,0,900015,2072,18920,299881,154.3480351,49,8555854
"91","Kansas",2015,53,66484,4387,22.026,66196,11596,974,177,103733,318548,90254,260015,177374,87,7158,102495,64.51256023,120,2548830
"92","Kansas",2016,31,67755,617,23.051,67585,11854,974,282,131653,281646,86245,217116,205800,125,6391,130272,62.60936987,130,1440764
"93","Kansas",2017,27,69485,0,0,69338,12160,974,269,172818,257200,111367,205026,248533,231,6230,171344,59.03202784,110,1454281
"94","Kansas",2018,13,71581,0,0,71510,12526,974,241,173694,237402,95854,198084,253321,345,8046,172134,62.85277614,67,1041662
"95","Kansas",2019,598,76308,0,0,73059,12826,974,182,189733,212665,96565,189202,273764,471,7724,188105,60.4526702,43,992149
"96","Kansas",2020,1399,79874,0,0,72273,12721,974,284,212447,188961,110502,160828,299301,955,6980,210234,57.77715449,39,2802130
"97","Kentucky",2015,833,8246,1486019,24.189,3723,652,2712,31717,34627,108080,0,16362,75319,198,32445,0,131.3429697,129,315635700
"98","Kentucky",2016,1041,9693,1041121,24.279,4035,708,2712,32108,35186,102591,0,14849,76971,366,32092,0,126.8081795,76,2257870
"99","Kentucky",2017,1102,10054,1015108,24.281,4065,713,2712,41514,44707,101295,0,14176,89649,481,34889,0,116.7819997,99,1948714
"100","Kentucky",2018,1076,9844,955471,24.043,3997,700,2712,40220,43651,96085,0,12924,90231,719,36736,0,122.771335,77,2944583
"101","Kentucky",2019,1076,10658,852990,23.621,4810,844,2712,37682,41221,89339,0,14273,89293,827,37414,0,115.3817286,63,1092217
"102","Kentucky",2020,1259,12110,571089,23.582,5270,928,2712,43913,47519,81708,0,12890,90327,894,30698,0,101.8855794,89,11046095
"103","Louisiana",2015,0,0,46879,13.633,0,0,1842,9310,12672,1916410,160015,364396,132249,1521,119577,0,185.5592561,61,2312261
"104","Louisiana",2016,0,0,38499,13.761,0,0,1842,10183,13876,1893803,179391,328643,154742,1851,140865,0,189.1398596,98,1499474
"105","Louisiana",2017,0,0,27892,13.419,0,0,1842,8349,12149,2238355,161171,295015,142086,1958,129937,0,193.3738211,71,1216601
"106","Louisiana",2018,0,0,20436,13.778,0,0,1842,10741,14773,2942607,179330,274413,143245,2189,128472,0,194.74322,86,764829
"107","Louisiana",2019,0,0,21251,13.82,0,0,1842,12161,16254,3330380,145993,261527,133669,2251,117414,0,194.892652,67,250695185
"108","Louisiana",2020,0,0,9438,13.949,0,0,1842,10560,15097,3311767,176988,208905,131183,2695,116086,0,183.2984563,35,5171076
"109","Maine",2015,8,43,0,0,0,0,72,31317,43787,0,0,0,161418,323,117588,12075,66.74652168,34,4240538
"110","Maine",2016,11,60,0,0,0,0,72,27693,43575,0,0,0,141943,418,98309,15391,64.08973529,35,841616
"111","Maine",2017,10,55,0,0,0,0,72,31221,53363,0,0,0,148038,577,94619,21493,64.71316897,44,5852232
"112","Maine",2018,10,55,0,0,0,0,72,29689,52233,0,0,0,149435,765,97146,21707,64.10739497,46,3360964
"113","Maine",2019,9,47,0,0,0,0,72,31162,54339,0,0,0,148456,897,94070,22208,63.32557454,30,1860604
"114","Maine",2020,9,48,0,0,0,0,72,27707,49968,0,0,0,132947,1176,82932,21013,52.28060539,54,21021782
"115","Maryland",2015,0,0,45587,23.72,0,0,570,15127,24122,40,153140,0,47614,4375,23492,4050,62.28032684,100,1890491
"116","Maryland",2016,0,0,37859,23.431,0,0,570,12853,25123,36,154377,0,48237,6834,23115,4866,60.46760995,65,1349074
"117","Maryland",2017,0,0,42804,23.67,0,0,570,18108,33197,34,158004,0,55339,9348,22142,5172,55.040273,48,6343700
"118","Maryland",2018,0,0,30464,23.468,0,0,570,25772,42987,14,156699,0,65963,11456,22975,5189,61.68531518,61,2306029
"119","Maryland",2019,0,0,34661,23.562,0,0,570,19485,37802,14,156765,0,55557,13115,17755,4633,56.87149823,73,1428319
"120","Maryland",2020,0,0,27404,23.744,0,0,570,14886,33709,10,157471,0,47229,13467,13519,4787,48.09083955,38,1459180
"121","Massachusetts",2015,7,36,0,0,0,0,859,7709,23103,0,52236,0,62787,12535,39648,2000,16.67908857,74,2818563
"122","Massachusetts",2016,10,56,0,0,0,0,859,6578,26927,0,56628,0,65616,17495,38633,1995,16.15310799,41,795948
"123","Massachusetts",2017,20,110,0,0,0,0,859,9558,34093,0,52788,0,68467,21532,34264,2143,15.37643854,42,2223059
"124","Massachusetts",2018,20,110,0,0,0,0,859,10320,41368,0,46437,0,75295,28177,33816,2012,14.76307256,41,2491389
"125","Massachusetts",2019,17,94,0,0,0,0,859,8687,40935,0,22734,0,74190,29511,33161,1877,14.42640502,41,1093090
"126","Massachusetts",2020,18,96,0,0,0,0,859,7402,43346,0,0,0,73946,32995,30504,2090,13.5022626,49,1718854
"127","Michigan",2015,131,39033,0,0,38321,6713,5193,13971,64720,114061,306773,37504,223234,853,119481,44702,164.4556231,76,3049845
"128","Michigan",2016,239,40207,0,0,38907,6824,5193,14442,64076,108450,329999,32266,216674,1089,112392,43351,154.5188531,61,1293489
"129","Michigan",2017,234,47787,0,0,46518,8158,5193,15468,70181,102619,338675,31597,225919,1692,107951,47827,155.6806782,37,1287282
"130","Michigan",2018,310,50752,0,0,49068,8595,5193,14286,71467,95841,318655,31058,237163,2304,114945,49683,163.7174435,56,936266
"131","Michigan",2019,247,47973,0,0,46629,8186,5193,14691,74520,90423,343639,29493,233688,2758,111194,51878,159.2399805,65,2360732
"132","Michigan",2020,214,43096,0,0,41935,7381,5193,15031,82542,69854,316732,23885,225022,3230,99384,59087,136.7773589,59,3543100
"133","Minnesota",2015,1429,165989,0,0,158228,27718,1075,7912,100589,0,125900,0,345949,473,79370,91129,89.33099915,119,3292766
"134","Minnesota",2016,1762,168756,0,0,159184,27920,1075,11157,104583,0,144970,0,351303,645,77964,91706,91.10054342,92,16796366
"135","Minnesota",2017,1654,171550,0,0,162563,28509,1075,11587,121517,0,145426,0,363504,6247,70437,102608,91.27720044,74,2726558
"136","Minnesota",2018,1799,176402,0,0,166627,29187,1075,9591,118640,0,152657,0,366439,10437,71397,97537,94.75605009,154,55322766
"137","Minnesota",2019,1692,180685,0,0,171494,30107,1075,9404,120386,0,147280,0,366164,12265,65093,97642,92.08969013,140,29572563
"138","Minnesota",2020,1973,165730,0,0,155009,27284,1075,8789,129433,0,153260,0,351983,15774,56820,103795,78.38217962,168,29357835
"139","Mississippi",2015,349,5911,34528,10.984,4012,703,958,0,988,60476,122511,142485,60419,29,53521,0,124.7473311,619,7036095
"140","Mississippi",2016,1474,14736,32349,11.272,6731,1181,958,0,1031,50418,61680,116649,78133,73,62366,0,119.0157079,520,10631411
"141","Mississippi",2017,1239,13572,32019,12.298,6839,1199,958,0,1861,39719,77027,101772,71032,903,55599,0,124.5052275,316,4957942
"142","Mississippi",2018,1548,15206,31979,10.878,6798,1191,958,0,4039,36499,72343,96734,76639,3080,57394,0,124.7805316,185,3637928
"143","Mississippi",2019,1070,5811,28423,10.537,0,0,958,0,3966,34280,115202,96171,66401,3007,56625,0,116.985714,177,3478408
"144","Mississippi",2020,598,3249,26576,10.272,0,0,958,0,4877,28956,67569,80619,64336,3919,56210,0,108.7023978,131,4677028
"145","Missouri",2015,3237,54724,3178,22.992,37139,6506,352,14864,26386,1,109182,852,105635,1542,24526,9627,61.29692129,403,3710526
"146","Missouri",2016,3872,58928,5125,21.912,37892,6646,352,11711,24297,1,98630,704,105876,1876,22652,10357,62.31469737,608,96309030
"147","Missouri",2017,4066,61025,5321,21.776,38934,6828,352,10886,32395,1,86853,664,116838,2433,23417,18724,60.46289527,379,2686540
"148","Missouri",2018,5056,66502,5654,21.837,39032,6837,352,7542,36681,1,111401,548,131345,2980,28161,25807,63.23252555,469,3767073
"149","Missouri",2019,4719,63218,4227,22.335,37578,6597,352,19733,49069,1,95961,484,140354,3534,28066,25450,62.54458802,269,2609443
"150","Missouri",2020,5536,64724,3432,21.62,34647,6098,352,16488,50264,1,80843,353,140007,4077,25019,29347,63.13899977,116,2102663
"151","Montana",2015,0,0,746222,17.825,0,0,337,92144,110876,55943,0,163249,125018,85,14143,18309,32.53164542,94,896759
"152","Montana",2016,1,3,572787,17.714,0,0,337,93082,113287,52130,0,132625,128095,110,14805,19758,31.13795175,90,2257495
"153","Montana",2017,0,2,624772,17.733,0,0,337,100850,121314,50821,0,118586,136249,275,14933,19852,31.25081171,93,1091494
"154","Montana",2018,0,1,684031,17.716,0,0,337,103828,124266,47712,0,123027,143018,497,18751,19604,31.25796736,114,2449554
"155","Montana",2019,0,1,608890,17.666,0,0,337,89090,111051,47967,0,130946,129217,489,18165,21135,32.28539515,61,618074
"156","Montana",2020,0,0,469076,17.754,0,0,337,94288,122051,42367,0,108044,137944,593,15893,26833,26.22561517,32,542585
"157","Nebraska",2015,23,266404,0,0,266278,46646,1212,15702,46594,504,107976,15419,317158,41,4161,29639,124.7782841,232,202376181
"158","Nebraska",2016,638,282138,0,0,278674,48878,1212,7906,44275,557,97798,12560,330919,90,4506,35067,124.895788,156,190472938
"159","Nebraska",2017,1159,290063,0,0,283769,49765,1212,13719,61990,483,72300,11978,355970,220,3917,46840,121.1493749,149,235434075
"160","Nebraska",2018,1089,289782,0,0,283866,49723,1212,12582,64686,459,58884,11732,359674,373,5205,50519,124.2127343,132,141776088
"161","Nebraska",2019,581,288633,0,0,285474,50117,1212,11935,77807,411,72589,10883,371935,446,5495,64215,122.6043034,115,126884709
"162","Nebraska",2020,0,243518,0,0,243518,42863,1212,12195,94055,375,64621,9527,342292,679,4719,79969,106.5337712,85,176369306
"163","Nevada",2015,0,0,0,0,0,0,30535,21099,72737,4,0,1606,75369,18216,2632,2886,57.9230603,16,420940
"164","Nevada",2016,0,0,0,0,0,0,32506,16518,85523,3,0,1585,88587,33324,3064,3175,54.93206111,24,502584
"165","Nevada",2017,0,0,0,0,0,0,31876,16700,94965,3,0,1637,98128,43060,3163,3329,56.92163503,19,477713
"166","Nevada",2018,0,0,0,0,0,0,33066,17127,101584,3,0,1455,105656,48548,4072,2844,59.282972,30,520857
"167","Nevada",2019,0,0,0,0,0,0,36359,19966,109226,5,0,1527,113331,49969,4105,2933,57.15288871,18,759349
"168","Nevada",2020,0,0,0,0,0,0,34893,16874,111902,12,0,1115,115274,57286,3372,2849,54.25128029,18,686913
"169","New Hampshire",2015,48,262,0,0,0,0,29,11837,16105,0,99186,0,61342,292,44976,3947,50.71057586,247,3396859
"170","New Hampshire",2016,73,399,0,0,0,0,29,10574,15141,0,112551,0,56290,547,40750,3991,48.35090988,199,4011050
"171","New Hampshire",2017,45,245,0,0,0,0,29,13022,17718,0,104493,0,59871,875,41908,3792,47.87762064,263,3743400
"172","New Hampshire",2018,51,276,0,0,0,0,29,12336,17123,0,105195,0,56145,1056,38747,3702,52.35500953,271,4330170
"173","New Hampshire",2019,57,312,0,0,0,0,29,13019,18137,0,113890,0,56018,1229,37569,3859,50.47008377,206,2293019
"174","New Hampshire",2020,59,318,0,0,0,0,29,10776,16893,0,103012,0,45710,1484,28499,4605,46.50927263,93,9134015
"175","New Jersey",2015,219,1191,0,0,0,0,466,89,21721,0,347851,0,45205,20966,22292,201,15.27856723,46,1371086
"176","New Jersey",2016,229,1246,0,0,0,0,466,88,23007,0,312569,0,46546,22261,22293,192,13.81151032,40,3111505
"177","New Jersey",2017,35,191,0,0,0,0,466,126,26428,0,355948,0,45602,25630,18982,207,13.51181074,39,1307930
"178","New Jersey",2018,0,0,0,0,0,0,466,324,29225,0,334373,0,48517,28230,19291,206,14.23973227,37,636384
"179","New Jersey",2019,0,0,0,0,0,0,466,236,32602,0,278147,0,49363,31705,16761,196,13.9338009,26,739179
"180","New Jersey",2020,0,0,0,0,0,0,466,135,36005,0,279201,0,51878,35229,15872,176,12.44720564,33,996776
"181","New Mexico",2015,0,0,357525,18.168,0,0,458,927,28119,1436329,0,846659,38811,7257,10692,19477,103.6600002,47,1130951
"182","New Mexico",2016,0,0,246549,18.48,0,0,499,1366,43741,1422598,0,839040,54822,8591,11080,33285,105.6200444,34,597439
"183","New Mexico",2017,0,0,257710,18.616,0,0,487,1780,57673,1506770,0,986514,67408,13076,9735,42330,99.35210038,48,881961
"184","New Mexico",2018,0,0,200179,18.549,0,0,487,1361,72070,1734539,0,1421610,85241,14764,13171,55457,105.0688845,20,852979
"185","New Mexico",2019,0,0,268307,18.459,0,0,885,1409,78715,2068295,0,1891645,94063,15047,15348,61374,100.8319854,17,314035
"186","New Mexico",2020,0,0,191349,18.67,0,0,835,1778,84743,2277937,0,2107958,96447,18752,11704,63378,83.82379422,10,428543
"187","New York",2015,2,19793,0,0,19780,3465,1185,242429,288404,17879,466457,1635,409139,7729,100942,37061,50.69183199,50,1126396
"188","New York",2016,0,21669,0,0,21669,3801,1185,248232,296467,13942,434791,1287,412994,10674,94858,36376,48.84541366,28,2015514
"189","New York",2017,0,21022,0,0,21022,3687,1185,277725,330933,11760,441029,1105,447680,13919,95725,38105,49.62030346,47,5893114
"190","New York",2018,0,18885,0,0,18885,3308,1185,269752,325023,10994,448718,1261,442993,17686,99086,36401,45.85390881,22,755535
"191","New York",2019,0,20042,0,0,20042,3519,1185,272679,336052,11313,468481,1561,452190,22509,96096,39680,48.94208108,12,1493382
"192","New York",2020,0,9962,0,0,9962,1753,1185,259241,328916,10012,401287,1565,426161,28821,87283,39669,45.21355901,19,48503359
"193","North Carolina",2015,47,256,0,0,0,0,967,44191,59028,0,440248,0,170008,13870,110724,0,38.5171354,16,790588
"194","North Carolina",2016,78,425,0,0,0,0,967,40779,75202,0,447500,0,199520,33397,123894,58,39.97099675,16,54082
"195","North Carolina",2017,41,222,0,0,0,0,967,35175,89578,0,443192,0,215578,49099,125778,4337,40.20696595,33,311016629
"196","North Carolina",2018,37,199,0,0,0,0,967,60136,123878,0,439915,0,248825,57834,124748,4941,41.38306985,57,535889
"197","North Carolina",2019,35,188,0,0,0,0,967,55084,129772,0,437683,0,254022,69062,124061,4659,41.74259297,22,201782
"198","North Carolina",2020,29,159,0,0,0,0,967,69811,151586,0,441997,0,281143,76016,129397,4792,36.20523107,4,53672
"199","North Dakota",2015,1573,57786,392183,13.617,49241,8626,978,19516,81127,678977,0,2456200,141748,7,2835,60627,174.3599244,104,5040800
"200","North Dakota",2016,1703,65607,399856,14.219,56353,9884,978,17652,94079,766865,0,2161886,162635,7,2949,75443,170.1509065,73,2403723
"201","North Dakota",2017,1912,79984,394022,13.687,69595,12205,978,23789,129426,857330,0,2235455,212086,7,2676,104653,165.8301752,52,789556
"202","North Dakota",2018,1796,79645,399835,13.488,69889,12242,978,28952,127650,993022,0,2627271,209189,8,1894,97712,175.0969653,60,13144827
"203","North Dakota",2019,1789,80390,361946,13.407,70672,12407,978,28312,129152,1187235,0,2949752,211395,11,1853,99852,168.9712856,69,30602444
"204","North Dakota",2020,1982,80535,364262,13.778,69767,12280,978,21497,142096,1211327,0,2474953,224409,12,1779,119610,143.3766729,78,39346669
"205","Ohio",2015,1273,84018,417682,24.51,77105,13507,3435,4256,20579,1171552,181726,152650,164904,1678,60307,11211,211.1966253,175,2513363
"206","Ohio",2016,1597,88369,309088,24.601,79695,13978,3435,4619,21425,1647241,175893,123595,166682,1874,56888,11497,205.3227286,132,775584
"207","Ohio",2017,1678,92214,233560,24.614,83098,14573,3435,2555,23060,2009410,184997,114517,167037,2435,51762,14635,205.0608887,118,10274821
"208","Ohio",2018,1647,95328,219942,24.458,86382,15131,3435,2222,24344,2652291,191483,129954,172901,2755,53229,15932,208.9666748,52,6168918
"209","Ohio",2019,1462,93011,192413,24.735,85066,14934,3435,3585,28481,2901090,177624,159327,174087,3269,52595,18192,196.6865897,44,2756315
"210","Ohio",2020,1697,81513,88255,24.607,72295,12725,3435,3283,30594,2611802,190243,135554,161090,3793,48983,20083,185.631953,54,3038155
"211","Oklahoma",2015,642,3486,17422,22.33,0,0,24,24825,155674,2880137,0,949416,187199,71,28038,130754,100.2883311,64,1677872
"212","Oklahoma",2016,822,4466,14440,22.072,0,0,24,23758,209175,2864577,0,885142,243569,115,29928,185278,96.1010241,58,1341097
"213","Oklahoma",2017,855,4644,12590,22.428,0,0,24,18760,236582,2936597,0,949291,274848,382,33622,217416,93.44516627,41,2449186
"214","Oklahoma",2018,828,4496,15121,21.108,0,0,24,18526,268128,3346437,0,1140196,308589,691,35965,248887,98.01036447,23,1495639
"215","Oklahoma",2019,757,4115,5153,22.665,0,0,24,34758,293834,3545508,0,1228381,332320,734,34371,258317,90.83789996,13,645165
"216","Oklahoma",2020,886,4814,16,20.36,0,0,24,25042,283986,3244434,0,977372,323741,845,34942,258075,83.72943515,6,560909
"217","Oregon",2015,218,6587,0,0,5404,947,2898,291255,358382,889,0,0,438941,2430,73972,61799,37.89416845,169,6478283
"218","Oregon",2016,257,6548,0,0,5153,904,2928,318960,391102,848,0,0,468111,3140,70461,66075,37.66506368,162,104123811
"219","Oregon",2017,273,7011,0,0,5530,970,2839,352802,417834,700,0,0,501442,4827,76598,57366,38.79038331,129,137275588
"220","Oregon",2018,290,7251,0,0,5677,994,2837,322671,401773,529,0,0,486994,8464,77970,67802,39.58013113,96,3286698
"221","Oregon",2019,275,6579,0,0,5084,892,2884,270017,340834,420,0,0,426391,9437,78977,58496,41.83917874,75,13382214
"222","Oregon",2020,265,5929,0,0,4487,790,2917,280040,373076,337,0,0,453528,13116,74523,77003,37.48172955,55,25808865
"223","Pennsylvania",2015,592,16251,1278078,25.124,13035,2283,2162,24264,61427,5119772,842044,40522,200534,3758,122856,31244,232.9252268,102,4218295
"224","Pennsylvania",2016,876,18865,1168609,25.468,14104,2474,2162,21922,60247,5525743,867302,35888,196773,4071,117661,32093,217.9773815,74,2394977
"225","Pennsylvania",2017,1015,18741,1260516,25.656,13227,2320,2162,28775,68701,5769945,870187,37554,204952,4684,117510,33080,215.2868489,53,2661655
"226","Pennsylvania",2018,1521,20894,1278056,25.577,12628,2212,2162,38799,78545,6632662,872749,36963,220486,5111,121047,32473,220.1938915,57,10494432
"227","Pennsylvania",2019,1023,20133,1250902,24.979,14576,2559,2162,31195,68176,7296205,869084,37362,201783,5873,113473,28946,218.7358219,58,2943270
"228","Pennsylvania",2020,683,16714,908798,25.018,13006,2289,2162,23445,65641,7563593,799036,31483,189149,7151,106794,32883,193.2393532,50,2136747
"229","Rhode Island",2015,17,94,0,0,0,0,57,29,477,0,0,0,4886,298,4315,94,10.80452453,11,671306
"230","Rhode Island",2016,24,130,0,0,0,0,57,20,771,0,0,0,4700,450,3799,245,9.588941638,10,489512
"231","Rhode Island",2017,29,156,0,0,0,0,57,22,2129,0,0,0,5967,679,3682,1372,9.965275351,12,547069
"232","Rhode Island",2018,56,305,0,0,0,0,57,37,2710,0,0,0,6663,1173,3647,1444,11.05692381,15,661136
"233","Rhode Island",2019,100,546,0,0,0,0,57,32,4057,0,0,0,8797,2131,4194,1836,10.36524019,17,8838243
"234","Rhode Island",2020,103,557,0,0,0,0,57,31,6346,0,0,0,11420,4375,4516,1884,9.826373856,14,635939
"235","South Carolina",2015,60,328,0,0,0,0,648,23897,24686,0,555909,0,128618,140,103604,0,73.39880613,60,3065630
"236","South Carolina",2016,0,0,0,0,0,0,648,20551,21612,0,583883,0,131043,412,109432,0,72.25720541,77,22430291
"237","South Carolina",2017,0,0,0,0,0,0,648,16906,19592,0,568390,0,132533,2037,112941,0,69.96242998,84,68063288
"238","South Carolina",2018,0,0,0,0,0,0,648,27437,35034,0,551151,0,147096,6949,112062,0,74.14674879,123,64580916
"239","South Carolina",2019,0,0,0,0,0,0,648,26503,37758,0,585828,0,149844,10607,112086,0,69.44598066,49,53928982
"240","South Carolina",2020,0,0,0,0,0,0,648,33888,52929,0,571711,0,160701,18393,107772,0,63.49945279,86,145497267
"241","South Dakota",2015,0,152177,0,0,152177,26658,1868,45202,70354,614,0,9507,225499,10,2968,23274,14.13943764,63,3577721
"242","South Dakota",2016,0,154087,0,0,154087,27026,1868,44365,80538,511,0,8045,237289,15,2665,34290,14.80376576,32,76031784
"243","South Dakota",2017,0,160796,0,0,160796,28199,1868,48419,77574,531,0,7463,241029,32,2660,27255,14.65586638,18,3225820
"244","South Dakota",2018,0,165485,0,0,165485,28987,1868,57048,84755,494,0,7264,254033,29,3793,25810,15.52399536,38,3826069
"245","South Dakota",2019,0,164101,0,0,164101,28809,1868,70484,97224,450,0,6644,264674,33,3350,24839,15.97796876,21,538508
"246","South Dakota",2020,0,157168,0,0,157168,27664,1868,51152,101696,439,0,5958,261997,38,3132,48639,14.94250924,26,6976448
"247","Tennessee",2015,34,23845,23192,25.841,23661,4145,213,89288,91221,4959,261037,1692,182019,1294,66953,427,98.70392565,104,3275928
"248","Tennessee",2016,46,25503,16596,25.771,25253,4429,213,62538,64645,4180,309357,1471,154183,1546,64036,348,101.3548028,60,1102457
"249","Tennessee",2017,45,25649,11168,25.905,25404,4455,213,80071,82362,3515,332779,1551,166421,1679,58411,399,97.40767095,28,889496
"250","Tennessee",2018,501,27703,5922,25.521,24982,4376,213,93705,96669,3737,378224,1198,186147,2378,61775,373,93.83598219,31,4038180
"251","Tennessee",2019,741,28391,11341,26.016,24366,4278,213,90206,94526,3221,372992,1202,181028,3769,58111,338,92.23669942,45,6964195
"252","Tennessee",2020,839,27471,2377,25.871,22911,4033,213,118018,122230,2866,383098,939,202041,3656,52340,344,83.30319191,37,1536871
"253","Texas",2015,3493,66021,471257,13.12,47044,8241,2478,8913,435590,9392314,411571,7213013,583008,6397,81397,417802,655.1432269,110,2671308
"254","Texas",2016,4218,71381,515707,13.223,48465,8500,2478,12389,556938,8659990,440109,6683754,709194,10946,80874,531124,656.7493464,176,83607077
"255","Texas",2017,4659,74708,474274,13.036,49395,8663,2478,9784,655250,8735219,403523,7297941,810455,25155,80497,617833,664.9673475,219,98254981
"256","Texas",2018,5409,76580,328812,13.247,47192,8266,2478,10255,738209,9776991,430597,9181148,901492,36299,86703,689177,684.6895943,261,46570295
"257","Texas",2019,5096,68502,308449,13.234,40813,7165,2478,13139,808642,11323138,431234,10608326,963581,48385,86437,744639,683.2325698,122,9605822
"258","Texas",2020,5021,58807,262510,13.337,31528,5549,2478,9469,912590,11464912,432703,10109771,1059236,89658,87839,810985,623.9627434,60,39546994
"259","Utah",2015,2,9,325216,22.555,0,0,4811,7164,18788,461219,0,212307,23993,980,5195,5833,63.61302159,80,1243588
"260","Utah",2016,0,0,310453,22.223,0,0,5287,7012,31057,401909,0,174681,36562,11167,5504,7591,58.82516698,114,612804
"261","Utah",2017,0,0,317768,22.182,0,0,5239,11919,48162,346868,0,197089,53282,23097,5120,7907,59.03113555,56,15437033
"262","Utah",2018,0,0,305328,22.42,0,0,4866,8440,44435,326320,0,211790,50358,23895,5922,7234,61.24871623,41,668749
"263","Utah",2019,0,0,326024,22.632,0,0,3572,7793,42278,299544,0,210450,48225,23623,5947,7290,61.50322731,71,448561
"264","Utah",2020,0,0,296168,22.5,0,0,4113,7165,45727,265927,0,176142,50836,27408,5109,7041,57.37800883,32,736194
"265","Vermont",2015,0,0,0,0,0,0,29,10619,14724,0,0,0,38784,1044,24060,3032,107.6199041,31,2446464
"266","Vermont",2016,0,0,0,0,0,0,29,9948,14000,0,0,0,35637,1335,21638,2688,110.0640459,49,853133
"267","Vermont",2017,0,0,0,0,0,0,29,11796,16668,0,0,0,37792,2029,21124,2814,105.5838769,35,5764689
"268","Vermont",2018,0,0,0,0,0,0,29,11546,17225,0,0,0,41553,2252,24327,3399,110.0554883,37,2735678
"269","Vermont",2019,0,0,0,0,0,0,29,11906,18063,0,0,0,40997,2767,22933,3361,106.76702,34,4195235
"270","Vermont",2020,0,0,0,0,0,0,29,9911,16528,0,0,0,37481,3224,20953,3365,98.16604733,32,2039514
"271","Virginia",2015,48,6036,365832,25.546,5777,1012,1701,10795,13300,134220,293455,63,137589,803,118254,0,6.126831312,33,47317173
"272","Virginia",2016,79,3632,335590,25.12,3205,562,1701,13585,16391,126663,310966,40,139807,1105,119784,0,5.913477445,37,873689
"273","Virginia",2017,81,7654,343642,25.079,7215,1265,1701,10285,16020,121571,319562,40,140979,4034,117304,0,5.831030624,23,4591717
"274","Virginia",2018,129,6898,318949,24.512,6199,1086,1701,16067,26009,117273,305826,29,159914,8240,127007,0,5.854279866,23,493740
"275","Virginia",2019,60,853,320290,25.687,530,93,1701,13529,25398,111869,308013,34,142651,10167,116400,0,6.020390617,27,1121855
"276","Virginia",2020,57,495,251899,25.633,184,32,1701,17811,33962,107908,314722,28,147212,14450,112755,0,5.420121203,23,2405926
"277","Washington",2015,1335,7251,0,0,0,0,1136,684060,751781,0,85347,0,872328,649,113296,65936,75.13711456,109,1978193
"278","Washington",2016,1541,8373,0,0,0,0,1136,723289,799624,0,100674,0,930780,957,122783,74242,79.4036955,127,2515938
"279","Washington",2017,1694,9204,0,0,0,0,1136,757151,823289,0,85013,0,950220,1201,117726,63801,79.11865344,104,6910234
"280","Washington",2018,1850,10049,0,0,0,0,1136,736362,810926,0,101502,0,937724,1506,116749,71922,78.65855426,104,3061489
"281","Washington",2019,1808,9826,0,0,0,0,1136,587893,650831,0,92584,0,779076,2341,118419,59461,84.16948233,88,18389113
"282","Washington",2020,1768,9606,0,0,0,0,1136,670342,755489,0,98437,0,871240,2724,106145,81287,68.372251,68,2509973
"283","West Virginia",2015,0,0,2447181,25.589,0,0,32,12907,25858,1562536,0,66157,37954,93,12096,12825,99.85701526,107,3755629
"284","West Virginia",2016,0,0,2041073,25.57,0,0,32,15124,28482,1667404,0,43693,39653,104,11171,13222,95.6153185,80,7777098
"285","West Virginia",2017,0,0,2390309,25.752,0,0,32,15280,30937,1836375,0,49372,41643,126,10706,15499,98.64308793,95,2622475
"286","West Virginia",2018,0,0,2468639,25.847,0,0,32,16821,33107,2159553,0,72689,45418,140,12311,16114,101.1727696,75,2067441
"287","West Virginia",2019,0,0,2422224,25.927,0,0,32,15192,29912,2598072,0,98325,41973,163,12060,14525,94.82242355,103,2915140
"288","West Virginia",2020,0,0,1748361,25.948,0,0,32,13967,30837,3121923,0,108465,41440,188,10604,16649,87.03738391,101,9860324
"289","Wisconsin",2015,481,79450,0,0,76836,13460,615,21813,37744,0,104666,0,223881,505,106687,14811,91.96307825,69,491426
"290","Wisconsin",2016,597,82079,0,0,78834,13827,615,25806,40993,0,106173,0,224249,583,101178,13989,94.48890006,54,614068
"291","Wisconsin",2017,349,83624,0,0,81729,14333,615,24481,41165,0,100919,0,224172,953,99384,15116,90.84162772,88,673413
"292","Wisconsin",2018,544,89233,0,0,86279,15113,615,21777,38588,0,105900,0,232096,1287,104275,14909,89.14479553,48,946699
"293","Wisconsin",2019,643,88934,0,0,85442,15000,615,23518,42338,0,104736,0,232452,1483,101181,16722,85.44599619,44,790383
"294","Wisconsin",2020,743,66475,0,0,62437,10990,615,24457,42739,0,102032,0,200946,2197,91731,15470,76.92447797,44,1052654
"295","Wyoming",2015,0,1192,6538240,17.399,1192,209,663,8091,43791,1998295,0,494355,49887,27,4905,35009,64.09286316,18,249960
"296","Wyoming",2016,0,0,5169939,17.394,0,0,663,8987,50206,1878141,0,415795,54565,33,4358,40522,61.25999315,23,1359346
"297","Wyoming",2017,0,0,5516757,17.433,0,0,663,10352,50867,1788258,0,433655,55916,45,5049,39806,62.79648656,47,413987
"298","Wyoming",2018,0,0,5315953,17.476,0,0,663,8883,46550,1842525,0,502031,51483,67,4934,36936,63.84608066,53,573639
"299","Wyoming",2019,0,0,4828513,17.437,0,0,663,8838,48259,1684374,0,582170,53228,1688,4969,37070,59.09664881,32,570570
"300","Wyoming",2020,0,0,3822600,17.49,0,0,663,9527,60120,1489916,0,507017,64877,1566,4757,48362,55.62118348,11,229763
