"","State","Year","BDFDB","BDPRP","BFFDB","BFPRP","CLPRB","CLPRK","CLPRP","COPRK","EMFDB","ENPRP","GETCB","HYTCB","NCPRB","NGMPB","NGMPK","NGMPP","NUETB","PAPRB","PAPRP","REPRB","SOTCB","TEPRB","TETCB","WDEXB","WDPRB","WDTCB","WSTCB","WWPRB","WYTCB","CO2.Emissions..Mmt.","TotalNumberofInvestments","TotalAmountofAssistance"
"1","Alabama",2015,1933,356,1933,356,331420,25.122,13193,5.717,0,0,141,91902,92144,182481,1.085,168246,438728,55421,9694,258955,101,1267004,1917138,0,163313,163313,1565,164877,0,35.0278036,16,3345612
"2","Alabama",2016,1906,351,1906,351,247632,25.68,9643,5.722,0,0,141,64484,65056,176290,1.07,164815,417334,46417,8112,230734,431,1118407,1922727,0,162166,162166,1606,163772,0,119.2008893,164,1864412
"3","Alabama",2017,1585,292,1585,292,326748,25.407,12861,5.723,0,0,141,85103,87057,159686,1.064,150038,446097,39100,6832,258549,1812,1230179,1904206,1137,168195,167058,1712,169907,0,59.05336455,477,13453887
"4","Alabama",2018,1652,304,1652,304,370533,25.065,14783,5.706,0,0,141,101447,105013,149607,1.073,139477,412584,33591,5887,279560,3425,1245875,1956413,4462,171215,166753,1680,172895,0,94.97878443,65,1724853
"5","Alabama",2019,1494,275,1494,275,350506,24.816,14124,5.698,0,0,141,101563,105332,138425,1.064,130069,455865,27687,4859,278142,3628,1250624,1926332,5308,169739,164431,1577,171316,0,351.408516,1023,30077512
"6","Alaska",2015,21,4,21,4,17747,15.073,1177,5.717,0,0,186,14621,16298,380887,1.108,343625,0,1007501,176229,23807,3,1429942,614242,0,6865,6865,622,7488,1488,91.30387161,206,1658730
"7","Alaska",2016,27,5,27,5,13942,14.957,932,5.722,0,0,186,15317,17081,369865,1.112,332749,0,1026401,179378,25155,14,1435363,593662,0,7636,7636,412,8048,1563,36.32904924,33,1340702
"8","Alaska",2017,29,5,29,5,14365,14.978,959,5.723,0,0,186,15143,16655,382940,1.112,344385,0,1033270,180547,23620,20,1454196,601492,0,6501,6501,436,6937,1305,13.9053954,68,1452666
"9","Alaska",2018,15,3,15,3,13752,15.253,902,5.706,0,0,186,15151,16777,375279,1.1,341315,0,997415,174801,24158,28,1410604,604644,0,6910,6910,456,7366,1411,237.3833592,45,3527420
"10","Alaska",2019,0,0,0,0,14867,15.252,975,5.698,0,0,186,14456,15951,364363,1.106,329361,0,968358,169947,22754,40,1370342,605689,0,6418,6418,386,6803,1270,145.6756383,247,6155856
"11","Arizona",2015,12,2,6602,1157,146450,21.522,6805,5.717,6590,1154,345,60906,113693,99,1.04,95,340153,212,37,128954,48229,615867,1495858,0,8001,8001,658,8659,4213,19.7810368,16,1033143
"12","Arizona",2016,57,10,6204,1089,116678,21.516,5423,5.722,6147,1078,345,66173,124372,49,1.037,47,338636,46,8,138522,52854,593930,1524720,0,7481,7481,465,7946,5000,77.41573961,198,5552396
"13","Arizona",2017,0,0,6584,1155,134024,21.543,6221,5.723,6584,1155,345,62942,134856,58,1.041,56,338246,74,13,149493,66318,621896,1531479,0,7541,7541,512,8053,5251,18.03591394,108,1895904
"14","Arizona",2018,0,0,6758,1184,140759,21.489,6550,5.706,6758,1184,345,63566,139517,44,1.041,42,325122,57,10,156071,70779,622052,1542208,0,9307,9307,489,9796,4827,219.157681,57,2533998
"15","Arizona",2019,0,0,3026,531,82222,21.398,3843,5.698,3026,531,345,55251,133794,68,1.032,66,333312,40,7,148194,73262,563836,1556416,0,10949,10949,425,11374,4937,187.2335142,68,2525723
"16","Arkansas",2015,4429,815,4429,815,1819,19.893,91,5.717,0,0,808,33261,34194,1031466,1.021,1010382,144716,35611,6229,117840,124,1331452,1062359,0,75417,75417,3799,79217,0,64.51256023,120,2548830
"17","Arkansas",2016,5377,990,5377,990,974,19.705,49,5.722,0,0,808,32958,34139,839485,1.02,823196,140370,31580,5519,115419,372,1127828,1053706,0,70786,70786,5118,75904,0,131.3429697,129,315635700
"18","Arkansas",2017,6760,1244,6760,1244,832,19.472,43,5.723,0,0,808,27117,28367,708482,1.02,694676,132736,30263,5288,116692,442,989005,1057701,5455,77206,71751,4359,81565,0,185.5592561,61,2312261
"19","Arkansas",2018,9499,1748,9499,1748,0,0,0,5.706,0,0,808,27392,30317,600455,1.018,589985,132996,28553,5004,126121,2117,888125,1116757,8489,82077,73588,4228,86305,0,66.74652168,34,4240538
"20","Arkansas",2019,8589,1581,8589,1581,0,0,0,5.698,0,0,808,36819,39884,534585,1.019,524757,141750,27538,4833,133513,2256,837386,1096477,8833,81001,72168,4040,85041,0,62.28032684,100,1890491
"21","California",2015,4057,747,30601,5397,0,0,0,5.717,26544,4650,112878,128681,567365,271086,1.146,236648,193529,1150741,201284,737527,211839,2352883,7525491,0,98852,98852,40708,139561,113967,16.67908857,74,2818563
"22","California",2016,5872,1081,32765,5798,0,0,0,5.722,26893,4717,107912,267194,767360,234094,1.142,205025,197754,1064744,186079,929692,267538,2426284,7647955,0,89236,89236,40332,129568,124715,164.4556231,76,3049845
"23","California",2017,5436,1001,34240,6052,0,0,0,5.723,28804,5051,108637,390292,957430,240221,1.131,212458,187227,992385,173403,1122218,340363,2542051,7766193,0,87833,87833,42714,130548,118138,89.33099915,119,3292766
"24","California",2018,5950,1095,35465,6265,0,0,0,5.706,29515,5170,108445,239714,857451,228906,1.13,202617,190422,916715,160658,1026274,381618,2362317,7865156,0,90644,90644,42714,133358,127674,124.7473311,619,7036095
"25","California",2019,5491,1011,31877,5643,0,0,0,5.698,26386,4632,99329,341549,968843,220789,1.122,196823,168799,890882,156350,1140051,405654,2420522,7790111,0,98358,98358,40974,139332,122311,61.29692129,403,3710526
"26","Colorado",2015,0,0,19861,3479,403605,21.379,18879,5.717,19861,3479,759,15098,91789,1965188,1.164,1688733,0,698737,122221,126586,6270,3194117,1501006,0,13804,13804,1133,14936,69662,32.53164542,94,896759
"27","Colorado",2016,0,0,19461,3413,270920,21.444,12634,5.722,19461,3413,759,17565,114808,1981005,1.175,1685756,0,663969,116038,149600,9509,3065494,1470307,0,14233,14233,1098,15331,86977,124.7782841,232,202376181
"28","Colorado",2017,0,0,19828,3477,320001,21.267,15047,5.723,19828,3477,759,17479,118027,2028824,1.189,1706364,0,744780,130138,153379,13973,3246984,1477307,0,14434,14434,1090,15524,85816,57.9230603,16,420940
"29","Colorado",2018,0,0,19735,3457,293149,20.901,14026,5.706,19735,3457,759,16618,121433,2217310,1.2,1847402,0,966448,169374,156998,15336,3633905,1527222,0,14728,14728,1102,15831,88720,50.71057586,247,3396859
"30","Colorado",2019,0,0,18725,3287,270466,21.018,12868,5.698,18725,3287,759,16127,130306,2394039,1.205,1986916,0,1096198,192383,167095,16780,3927798,1566652,0,16968,16968,1095,18063,96640,15.27856723,46,1371086
"31","Connecticut",2015,715,132,715,132,0,0,0,0,0,0,21,2819,5792,0,0,0,182083,0,0,33234,2952,215318,756746,0,15661,15661,11067,26728,0,103.6600002,47,1130951
"32","Connecticut",2016,1496,275,1496,275,0,0,0,0,0,0,21,2069,6336,0,0,0,173363,0,0,34249,4128,207612,724686,0,14933,14933,11485,26418,118,50.69183199,50,1126396
"33","Connecticut",2017,1379,254,1379,254,0,0,0,0,0,0,21,3060,8284,0,0,0,172570,0,0,32888,5086,205458,728349,0,12683,12683,10543,23225,117,38.5171354,16,790588
"34","Connecticut",2018,2296,423,2296,423,0,0,0,0,0,0,21,5056,11668,0,0,0,176496,0,0,37572,6480,214068,756159,0,13893,13893,9715,23608,112,174.3599244,104,5040800
"35","Connecticut",2019,2359,434,2359,434,0,0,0,0,0,0,21,3811,11485,0,0,0,174730,0,0,37172,7545,211902,735517,0,14328,14328,9000,23328,109,211.1966253,175,2513363
"36","Delaware",2015,0,0,0,0,0,0,0,0,0,0,430,0,1708,0,0,0,0,0,0,3517,1230,3517,284672,0,1044,1044,765,1809,48,100.2883311,64,1677872
"37","Delaware",2016,0,0,0,0,0,0,0,0,0,0,430,0,1612,0,0,0,0,0,0,3105,1133,3105,280937,0,825,825,667,1493,49,37.89416845,169,6478283
"38","Delaware",2017,0,0,0,0,0,0,0,0,0,0,430,0,1830,0,0,0,0,0,0,3269,1354,3269,280044,0,748,748,692,1439,46,232.9252268,102,4218295
"39","Delaware",2018,0,0,0,0,0,0,0,0,0,0,430,0,1969,0,0,0,0,0,0,3389,1492,3389,300567,0,739,739,680,1419,47,10.80452453,11,671306
"40","Delaware",2019,0,0,0,0,0,0,0,0,0,0,430,0,2105,0,0,0,0,0,0,3611,1628,3611,298616,0,789,789,716,1506,47,73.39880613,60,3065630
"41","Florida",2015,645,119,645,119,0,0,0,5.717,0,0,10056,2277,42466,1162,1.521,764,294099,12623,2208,223761,30133,531646,4324701,0,111608,111608,69043,180650,0,14.13943764,63,3577721
"42","Florida",2016,558,103,558,103,0,0,0,5.722,0,0,10056,1611,42513,1062,1.484,716,306658,11066,1934,223405,30846,542192,4362567,9939,108866,98926,71468,180333,0,98.70392565,104,3275928
"43","Florida",2017,855,157,855,157,0,0,0,5.723,0,0,10056,2011,50264,1048,1.48,708,304840,11005,1923,236674,38197,553568,4345055,9840,109274,99435,76280,185555,0,655.1432269,110,2671308
"44","Florida",2018,1818,335,1818,335,0,0,0,5.706,0,0,10056,2117,65529,1123,1.425,788,306461,10493,1839,247001,53356,565077,4441047,11096,110027,98931,69626,179653,0,63.61302159,80,1243588
"45","Florida",2019,920,169,920,169,0,0,0,5.698,0,0,10056,1869,80308,1295,1.516,854,303946,11037,1937,248107,68383,564385,4371666,11065,108140,97075,58739,166879,0,107.6199041,31,2446464
"46","Georgia",2015,1242,229,14563,2562,0,0,0,0,13321,2334,315,27804,30579,0,0,0,353883,0,0,269514,2461,623396,2978591,0,195948,195948,28423,224371,0,6.126831312,33,47317173
"47","Georgia",2016,1770,326,17166,3026,0,0,0,0,15397,2700,315,31137,41707,0,0,0,360633,0,0,282334,10256,642967,2951822,15655,212606,196951,10855,223461,0,75.13711456,109,1978193
"48","Georgia",2017,1739,320,16168,2850,0,0,0,0,14429,2530,315,22201,43232,0,0,0,352560,0,0,275016,20716,627576,2925877,17323,207534,190211,8082,215617,0,99.85701526,107,3755629
"49","Georgia",2018,1378,254,15154,2667,0,0,0,0,13776,2413,315,33656,54929,0,0,0,359262,0,0,288295,20958,647556,3003699,19163,211205,192042,7007,218212,0,91.96307825,69,491426
"50","Georgia",2019,1085,200,16987,2991,0,0,0,0,15901,2792,315,35230,57849,0,0,0,350759,0,0,301842,22304,652601,2955875,19523,220438,200915,6568,227006,0,64.09286316,18,249960
"51","Hawaii",2015,383,70,383,70,0,0,0,0,0,0,2154,1129,17353,0,0,0,0,0,0,24957,8360,24957,298992,0,38,38,7182,7220,5710,33.40561066,14,2247734
"52","Hawaii",2016,451,83,451,83,0,0,0,0,0,0,2409,839,18961,0,0,0,0,0,0,27593,9813,27593,300390,0,35,35,8146,8181,5900,113.9837834,129,1206793
"53","Hawaii",2017,479,88,479,88,0,0,0,0,0,0,2980,609,21070,0,0,0,0,0,0,26964,12579,26964,308376,0,106,106,5310,5415,4902,62.12624984,703,4637664
"54","Hawaii",2018,509,94,509,94,0,0,0,0,0,0,1010,879,20439,0,0,0,0,0,0,26299,13070,26299,306342,0,94,94,5257,5351,5480,90.85562563,54,2053339
"55","Hawaii",2019,484,89,484,89,0,0,0,0,0,0,8,842,19884,0,0,0,0,0,0,25273,14320,25273,307764,0,94,94,4812,4905,4714,353.3561319,848,59755992
"56","Idaho",2015,0,0,8871,1554,0,0,0,5.717,8871,1554,2207,81603,105046,1192,1.106,1078,0,172,30,153503,81,154866,540252,0,32130,32130,7455,39585,21156,88.42427593,258,1800615
"57","Idaho",2016,0,0,9206,1615,0,0,0,5.722,9206,1615,2167,83395,109756,5208,1.123,4637,0,1230,215,151509,390,157946,540164,0,31050,31050,1497,32547,23804,34.09544003,28,962061
"58","Idaho",2017,0,0,9367,1643,0,0,0,5.723,9367,1643,2280,98306,128436,4192,1.106,3791,0,521,91,173010,4405,177723,557104,0,33266,33266,1941,35206,23444,14.41948129,38,502817
"59","Idaho",2018,0,0,9324,1633,0,0,0,5.706,9324,1633,2259,100366,132184,2113,1.136,1860,0,502,88,178935,5388,181550,556467,0,36036,36036,1391,37427,24172,238.8326956,72,4068360
"60","Idaho",2019,0,0,8946,1571,0,0,0,5.698,8946,1571,2354,92017,122586,1139,1.103,1033,0,125,22,169244,5500,170508,565998,0,36240,36240,1471,37711,22715,144.537737,222,20155611
"61","Illinois",2015,19087,3513,230655,40575,1252879,22.282,56227,5.717,211568,37062,2042,1160,105293,2210,1.062,2080,1017377,54426,9520,355359,1938,2682250,3920125,0,8185,8185,11225,19411,100154,19.81846857,18,429104
"62","Illinois",2016,18598,3423,252801,44501,977131,22.424,43575,5.722,234203,41078,2042,1226,103746,2317,1.061,2183,1031331,49432,8639,375139,2033,2435349,3925630,0,7597,7597,10995,18592,98445,73.98337008,149,4220545
"63","Illinois",2017,17714,3260,243223,42808,1079624,22.351,48303,5.723,225509,39548,2042,1153,118502,2260,1.06,2131,1016522,47581,8314,378606,2285,2524593,3890442,0,7430,7430,9450,16880,113023,18.3418212,127,1317624
"64","Illinois",2018,18333,3374,226419,39823,1095887,22.147,49482,5.706,208086,36449,2042,1334,114443,2596,1.054,2464,1025651,48045,8420,359817,2739,2531996,4017644,0,8890,8890,10065,18955,108328,207.4305588,36,1325335
"65","Illinois",2019,17366,3196,218212,38456,1014448,22.103,45895,5.698,200846,35260,2042,1103,135410,2279,1.06,2150,1030996,46969,8243,372731,3503,2467422,3951620,0,9268,9268,9841,19109,128763,181.8275677,45,11391681
"66","Indiana",2015,11841,2179,155552,27354,776493,22.641,34295,5.717,143711,25175,4647,3553,51990,7446,1.027,7250,0,12686,2219,242141,1714,1038766,2826490,0,18061,18061,16538,34599,42077,62.60936987,130,1440764
"67","Indiana",2016,12981,2389,166925,29390,654493,22.752,28767,5.722,153944,27001,4647,3935,56205,6441,1.038,6205,0,10397,1817,257458,2391,928789,2777075,0,17951,17951,16378,34328,45232,126.8081795,76,2257870
"68","Indiana",2017,12711,2340,169356,29811,713397,22.668,31472,5.723,156644,27471,4647,2820,57387,6168,1.043,5914,0,10181,1779,260439,3032,990185,2674436,0,17548,17548,16148,33696,46889,189.1398596,98,1499474
"69","Indiana",2018,12630,2325,174262,30637,781628,22.592,34598,5.706,161632,28312,4647,2027,59866,5292,1.047,5054,0,9609,1684,271248,3693,1067776,2806168,0,20797,20797,16323,37120,49500,64.08973529,35,841616
"70","Indiana",2019,11434,2105,154618,27242,712235,22.569,31559,5.698,143184,25137,4647,2280,66440,5306,1.052,5044,0,8997,1579,257250,4160,983789,2779091,0,20438,20438,15754,36192,55354,60.46760995,65,1349074
"71","Iowa",2015,31304,5762,568234,99820,0,0,0,0,536929,94058,1281,8948,177203,0,0,0,54836,0,0,766862,419,821698,1507520,0,6967,6967,14458,21425,166555,16.15310799,41,795948
"72","Iowa",2016,38419,7071,585659,103054,0,0,0,0,547240,95983,1281,8464,195637,0,0,0,49185,0,0,801820,587,851005,1534622,0,6107,6107,14417,20524,185305,154.5188531,61,1293489
"73","Iowa",2017,36996,6810,610395,107368,0,0,0,0,573399,100558,1281,9526,208620,0,0,0,54528,0,0,837092,905,891620,1572298,0,5936,5936,12140,18077,196907,91.10054342,92,16796366
"74","Iowa",2018,47215,8690,641146,112725,0,0,0,0,593931,104035,1281,8420,205217,0,0,0,51181,0,0,865784,1291,916965,1633531,0,7254,7254,12166,19420,194225,119.0157079,520,10631411
"75","Iowa",2019,44240,8143,637409,112278,0,0,0,0,593169,104135,1281,7091,244222,0,0,0,54671,0,0,901961,1604,956633,1645247,0,8298,8298,12031,20330,234246,62.31469737,608,96309030
"76","Kansas",2015,288,53,66484,11649,4387,22.026,199,5.717,66196,11596,974,177,103733,318548,1.121,284184,90254,260015,45481,177374,87,850580,1101677,0,4487,4487,2671,7158,102495,31.13795175,90,2257495
"77","Kansas",2016,171,31,67755,11885,617,23.051,27,5.722,67585,11854,974,282,131653,281646,1.151,244795,86245,217116,37944,205800,125,791424,1092806,0,3973,3973,2418,6391,130272,124.895788,156,190472938
"78","Kansas",2017,147,27,69485,12187,0,0,0,5.723,69338,12160,974,269,172818,257200,1.171,219639,111367,205026,35825,248533,231,822127,1075697,0,3566,3566,2664,6230,171344,54.93206111,24,502584
"79","Kansas",2018,71,13,71581,12539,0,0,0,5.706,71510,12526,974,241,173694,237402,1.179,201390,95854,198084,34715,253321,345,784661,1136232,0,4874,4874,3171,8046,172134,48.35090988,199,4011050
"80","Kansas",2019,3249,598,76308,13424,0,0,0,5.698,73059,12826,974,182,189733,212665,1.162,183087,96565,189202,33205,273764,471,772196,1129559,0,4777,4777,2947,7724,188105,13.81151032,40,3111505
"81","Kentucky",2015,4524,833,8246,1485,1486019,24.189,61434,5.717,3723,652,2712,31717,34627,108080,1.127,95907,0,16362,2862,75319,198,1685780,1730308,0,30971,30971,1475,32445,0,105.6200444,34,597439
"82","Kentucky",2016,5658,1041,9693,1749,1041121,24.279,42881,5.722,4035,708,2712,32108,35186,102591,1.119,91640,0,14849,2595,76971,366,1235531,1704124,0,30577,30577,1514,32092,0,48.84541366,28,2015514
"83","Kentucky",2017,5989,1102,10054,1815,1015108,24.281,41807,5.723,4065,713,2712,41514,44707,101295,1.142,88715,0,14176,2477,89649,481,1220228,1662333,0,33288,33288,1600,34889,0,39.97099675,16,54082
"84","Kentucky",2018,5847,1076,9844,1776,955471,24.043,39740,5.706,3997,700,2712,40220,43651,96085,1.143,84047,0,12924,2265,90231,719,1154710,1744818,0,34301,34301,2435,36736,0,170.1509065,73,2403723
"85","Kentucky",2019,5848,1076,10658,1921,852990,23.621,36111,5.698,4810,844,2712,37682,41221,89339,1.147,77882,0,14273,2505,89293,827,1045895,1723238,0,34506,34506,2908,37414,0,205.3227286,132,775584
"86","Louisiana",2015,0,0,0,0,46879,13.633,3439,5.717,0,0,1842,9310,12672,1916410,1.062,1805197,160015,364396,63739,132249,1521,2619950,3911919,0,106587,106587,12990,119577,0,96.1010241,58,1341097
"87","Louisiana",2016,0,0,0,0,38499,13.761,2798,5.722,0,0,1842,10183,13876,1893803,1.061,1784396,179391,328643,57435,154742,1851,2595078,4030644,6011,128495,122484,12371,140865,0,37.66506368,162,104123811
"88","Louisiana",2017,0,0,0,0,27892,13.419,2079,5.723,0,0,1842,8349,12149,2238355,1.046,2139829,161171,295015,51549,142086,1958,2864519,4208312,5951,116924,110973,13013,129937,0,217.9773815,74,2394977
"89","Louisiana",2018,0,0,0,0,20436,13.778,1483,5.706,0,0,1842,10741,14773,2942607,1.039,2832404,179330,274413,48092,143245,2189,3560031,4245610,6711,113857,107146,14615,128472,0,9.588941638,10,489512
"90","Louisiana",2019,0,0,0,0,21251,13.82,1538,5.698,0,0,1842,12161,16254,3330380,1.037,3212318,145993,261527,45898,133669,2251,3892819,4282045,6692,102895,96203,14520,117414,0,72.25720541,77,22430291
"91","Maine",2015,43,8,43,8,0,0,0,0,0,0,72,31317,43787,0,0,0,0,0,0,161418,323,161418,424754,0,113815,113815,3773,117588,12075,14.80376576,32,76031784
"92","Maine",2016,60,11,60,11,0,0,0,0,0,0,72,27693,43575,0,0,0,0,0,0,141943,418,141943,392025,0,94739,94739,3570,98309,15391,101.3548028,60,1102457
"93","Maine",2017,55,10,55,10,0,0,0,0,0,0,72,31221,53363,0,0,0,0,0,0,148038,577,148038,384730,0,91105,91105,3515,94619,21493,656.7493464,176,83607077
"94","Maine",2018,55,10,55,10,0,0,0,0,0,0,72,29689,52233,0,0,0,0,0,0,149435,765,149435,388172,0,93851,93851,3295,97146,21707,58.82516698,114,612804
"95","Maine",2019,47,9,47,9,0,0,0,0,0,0,72,31162,54339,0,0,0,0,0,0,148456,897,148456,384261,0,91222,91222,2848,94070,22208,110.0640459,49,853133
"96","Maryland",2015,0,0,0,0,45587,23.72,1922,0,0,0,570,15127,24122,40,1.055,38,153140,0,0,47614,4375,246381,1424201,0,14425,14425,9067,23492,4050,5.913477445,37,873689
"97","Maryland",2016,0,0,0,0,37859,23.431,1616,0,0,0,570,12853,25123,36,1.051,34,154377,0,0,48237,6834,240509,1386648,0,14188,14188,8927,23115,4866,79.4036955,127,2515938
"98","Maryland",2017,0,0,0,0,42804,23.67,1808,0,0,0,570,18108,33197,34,1.047,32,158004,0,0,55339,9348,256180,1346703,0,12954,12954,9188,22142,5172,95.6153185,80,7777098
"99","Maryland",2018,0,0,0,0,30464,23.468,1298,0,0,0,570,25772,42987,14,1.042,13,156699,0,0,65963,11456,253139,1391698,0,14204,14204,8772,22975,5189,94.48890006,54,614068
"100","Maryland",2019,0,0,0,0,34661,23.562,1471,0,0,0,570,19485,37802,14,1.044,13,156765,0,0,55557,13115,246996,1355227,0,10199,10199,7556,17755,4633,61.25999315,23,1359346
"101","Massachusetts",2015,36,7,36,7,0,0,0,0,0,0,859,7709,23103,0,0,0,52236,0,0,62787,12535,115022,1468270,0,20876,20876,18772,39648,2000,33.72913017,18,13509662
"102","Massachusetts",2016,56,10,56,10,0,0,0,0,0,0,859,6578,26927,0,0,0,56628,0,0,65616,17495,122244,1426034,0,18928,18928,19705,38633,1995,108.5943783,104,2414699
"103","Massachusetts",2017,110,20,110,20,0,0,0,0,0,0,859,9558,34093,0,0,0,52788,0,0,68467,21532,121256,1431083,0,14920,14920,19345,34264,2143,64.17625679,469,2069460
"104","Massachusetts",2018,110,20,110,20,0,0,0,0,0,0,859,10320,41368,0,0,0,46437,0,0,75295,28177,121731,1469311,0,14310,14310,19505,33816,2012,90.47614096,46,1714281
"105","Massachusetts",2019,94,17,94,17,0,0,0,0,0,0,859,8687,40935,0,0,0,22734,0,0,74190,29511,96924,1464995,0,16238,16238,16923,33161,1877,356.5165476,786,30392556
"106","Michigan",2015,712,131,39033,6844,0,0,0,5.717,38321,6713,5193,13971,64720,114061,1.059,107664,306773,37504,6560,223234,853,681571,2826679,0,98215,98215,21266,119481,44702,88.77624019,181,1385451
"107","Michigan",2016,1300,239,40207,7063,0,0,0,5.722,38907,6824,5193,14442,64076,108450,1.063,102003,329999,32266,5639,216674,1089,687389,2806190,0,90056,90056,22336,112392,43351,33.8574222,40,788599
"108","Michigan",2017,1269,234,47787,8392,0,0,0,5.723,46518,8158,5193,15468,70181,102619,1.064,96451,338675,31597,5521,225919,1692,698809,2798055,0,85599,85599,22352,107951,47827,13.76698515,65,1636426
"109","Michigan",2018,1683,310,50752,8905,0,0,0,5.706,49068,8595,5193,14286,71467,95841,1.07,89572,318655,31058,5443,237163,2304,682717,2911393,0,92197,92197,22748,114945,49683,238.4284129,56,1239122
"110","Michigan",2019,1345,247,47973,8433,0,0,0,5.698,46629,8186,5193,14691,74520,90423,1.077,83969,343639,29493,5176,233688,2758,697242,2880159,0,92140,92140,19054,111194,51878,141.8352401,185,2884817
"111","Minnesota",2015,7761,1429,165989,29147,0,0,0,0,158228,27718,1075,7912,100589,0,0,0,125900,0,0,345949,473,471848,1813635,0,65241,65241,14129,79370,91129,20.43258289,14,1467132
"112","Minnesota",2016,9572,1762,168756,29682,0,0,0,0,159184,27920,1075,11157,104583,0,0,0,144970,0,0,351303,645,496273,1838918,0,63244,63244,14720,77964,91706,76.30357904,179,6233820
"113","Minnesota",2017,8987,1654,171550,30163,0,0,0,0,162563,28509,1075,11587,121517,0,0,0,145426,0,0,363504,6247,508930,1862210,0,56284,56284,14153,70437,102608,18.70279024,88,988061
"114","Minnesota",2018,9775,1799,176402,30986,0,0,0,0,166627,29187,1075,9591,118640,0,0,0,152657,0,0,366439,10437,519096,1940174,0,58812,58812,12585,71397,97537,205.9749865,32,1262924
"115","Minnesota",2019,9191,1692,180685,31799,0,0,0,0,171494,30107,1075,9404,120386,0,0,0,147280,0,0,366164,12265,513444,1900531,0,56250,56250,8843,65093,97642,175.8904931,46,4052088
"116","Mississippi",2015,1898,349,5911,1052,34528,10.984,3143,5.717,4012,703,958,0,988,60476,1.039,58181,122511,142485,24923,60419,29,420420,1085042,0,51479,51479,2042,53521,0,59.03202784,110,1454281
"117","Mississippi",2016,8006,1474,14736,2654,32349,11.272,2870,5.722,6731,1181,958,0,1031,50418,1.039,48504,61680,116649,20386,78133,73,339228,1071689,9243,60285,51042,2081,62366,0,116.7819997,99,1948714
"118","Mississippi",2017,6733,1239,13572,2439,32019,12.298,2604,5.723,6839,1199,958,0,1861,39719,1.033,38438,77027,101772,17783,71032,903,321569,1068298,7511,53355,45845,2243,55599,0,193.3738211,71,1216601
"119","Mississippi",2018,8408,1548,15206,2738,31979,10.878,2940,5.706,6798,1191,958,0,4039,36499,1.026,35564,72343,96734,16953,76639,3080,314194,1105822,8301,55962,47660,1432,57394,0,64.71316897,44,5852232
"120","Mississippi",2019,5811,1070,5811,1070,28423,10.537,2697,5.698,0,0,958,0,3966,34280,1.029,33307,115202,96171,16878,66401,3007,340476,1093230,8278,55062,46784,1563,56625,0,55.040273,48,6343700
"121","Missouri",2015,17585,3237,54724,9743,3178,22.992,138,5.717,37139,6506,352,14864,26386,1,1.012,1,109182,852,149,105635,1542,218848,1831407,0,22108,22108,2417,24526,9627,15.37643854,42,2223059
"122","Missouri",2016,21036,3872,58928,10518,5125,21.912,234,5.722,37892,6646,352,11711,24297,1,1.024,1,98630,704,123,105876,1876,210336,1781656,0,20211,20211,2441,22652,10357,155.6806782,37,1287282
"123","Missouri",2017,22091,4066,61025,10894,5321,21.776,244,5.723,38934,6828,352,10886,32395,1,1.01,1,86853,664,116,116838,2433,209676,1742207,0,19183,19183,4235,23417,18724,91.27720044,74,2726558
"124","Missouri",2018,27470,5056,66502,11893,5654,21.837,259,5.706,39032,6837,352,7542,36681,1,1.024,1,111401,548,96,131345,2980,248948,1860863,0,24807,24807,3355,28161,25807,124.5052275,316,4957942
"125","Missouri",2019,25641,4719,63218,11316,4227,22.335,189,5.698,37578,6597,352,19733,49069,1,1.024,1,95961,484,85,140354,3534,241027,1805708,0,24120,24120,3946,28066,25450,60.46289527,379,2686540
"126","Montana",2015,0,0,0,0,746222,17.825,41864,5.717,0,0,337,92144,110876,55943,1.089,51356,0,163249,28555,125018,85,1090432,403641,0,13759,13759,383,14143,18309,31.25081171,93,1091494
"127","Montana",2016,3,1,3,1,572787,17.714,32336,5.722,0,0,337,93082,113287,52130,1.088,47921,0,132625,23178,128095,110,885637,406422,0,14414,14414,392,14805,19758,121.1493749,149,235434075
"128","Montana",2017,2,0,2,0,624772,17.733,35232,5.723,0,0,337,100850,121314,50821,1.097,46311,0,118586,20721,136249,275,930429,422863,0,14543,14543,389,14933,19852,56.92163503,19,477713
"129","Montana",2018,1,0,1,0,684031,17.716,38610,5.706,0,0,337,103828,124266,47712,1.096,43530,0,123027,21561,143018,497,997789,436316,0,18334,18334,417,18751,19604,47.87762064,263,3743400
"130","Montana",2019,1,0,1,0,608890,17.666,34468,5.698,0,0,337,89090,111051,47967,1.102,43534,0,130946,22981,129217,489,917020,445912,0,17772,17772,393,18165,21135,13.51181074,39,1307930
"131","Nebraska",2015,126,23,266404,46669,0,0,0,5.717,266278,46646,1212,15702,46594,504,1.057,477,107976,15419,2697,317158,41,441057,857967,0,2958,2958,1203,4161,29639,99.35210038,48,881961
"132","Nebraska",2016,3464,638,282138,49516,0,0,0,5.722,278674,48878,1212,7906,44275,557,1.059,526,97798,12560,2195,330919,90,441834,870370,0,2843,2843,1663,4506,35067,49.62030346,47,5893114
"133","Nebraska",2017,6295,1159,290063,50924,0,0,0,5.723,283769,49765,1212,13719,61990,483,1.061,455,72300,11978,2093,355970,220,440731,873303,0,2330,2330,1587,3917,46840,40.20696595,33,311016629
"134","Nebraska",2018,5916,1089,289782,50812,0,0,0,5.706,283866,49723,1212,12582,64686,459,1.06,433,58884,11732,2056,359674,373,430748,909065,0,3394,3394,1811,5205,50519,165.8301752,52,789556
"135","Nebraska",2019,3159,581,288633,50698,0,0,0,5.698,285474,50117,1212,11935,77807,411,1.07,384,72589,10883,1910,371935,446,455818,907219,0,3699,3699,1796,5495,64215,205.0608887,118,10274821
"136","Nevada",2015,0,0,0,0,0,0,0,5.717,0,0,30535,21099,72737,4,1.042,4,0,1606,281,75369,18216,76979,697627,0,2346,2346,286,2632,2886,93.44516627,41,2449186
"137","Nevada",2016,0,0,0,0,0,0,0,5.722,0,0,32506,16518,85523,3,1.041,3,0,1585,277,88587,33324,90175,727193,0,2291,2291,773,3064,3175,38.79038331,129,137275588
"138","Nevada",2017,0,0,0,0,0,0,0,5.723,0,0,31876,16700,94965,3,1.039,3,0,1637,286,98128,43060,99768,757955,0,2320,2320,843,3163,3329,215.2868489,53,2661655
"139","Nevada",2018,0,0,0,0,0,0,0,5.706,0,0,33066,17127,101584,3,1.037,3,0,1455,255,105656,48548,107114,776588,0,3273,3273,799,4072,2844,9.965275351,12,547069
"140","Nevada",2019,0,0,0,0,0,0,0,5.698,0,0,36359,19966,109226,5,1.043,5,0,1527,268,113331,49969,114864,779141,0,3196,3196,909,4105,2933,69.96242998,84,68063288
"141","New Hampshire",2015,262,48,262,48,0,0,0,0,0,0,29,11837,16105,0,0,0,99186,0,0,61342,292,160528,316649,0,40598,40598,4377,44976,3947,14.65586638,18,3225820
"142","New Hampshire",2016,399,73,399,73,0,0,0,0,0,0,29,10574,15141,0,0,0,112551,0,0,56290,547,168841,307290,0,36335,36335,4415,40750,3991,97.40767095,28,889496
"143","New Hampshire",2017,245,45,245,45,0,0,0,0,0,0,29,13022,17718,0,0,0,104493,0,0,59871,875,164364,317785,0,37268,37268,4640,41908,3792,664.9673475,219,98254981
"144","New Hampshire",2018,276,51,276,51,0,0,0,0,0,0,29,12336,17123,0,0,0,105195,0,0,56145,1056,161340,325655,0,34988,34988,3758,38747,3702,59.03113555,56,15437033
"145","New Hampshire",2019,312,57,312,57,0,0,0,0,0,0,29,13019,18137,0,0,0,113890,0,0,56018,1229,169909,319667,0,33945,33945,3624,37569,3859,105.5838769,35,5764689
"146","New Jersey",2015,1191,219,1191,219,0,0,0,0,0,0,466,89,21721,0,0,0,347851,0,0,45205,20966,393056,2183497,0,6465,6465,15827,22292,201,5.831030624,23,4591717
"147","New Jersey",2016,1246,229,1246,229,0,0,0,0,0,0,466,88,23007,0,0,0,312569,0,0,46546,22261,359115,2140838,0,5994,5994,16299,22293,192,79.11865344,104,6910234
"148","New Jersey",2017,191,35,191,35,0,0,0,0,0,0,466,126,26428,0,0,0,355948,0,0,45602,25630,401550,2089145,0,3044,3044,15938,18982,207,98.64308793,95,2622475
"149","New Jersey",2018,0,0,0,0,0,0,0,0,0,0,466,324,29225,0,0,0,334373,0,0,48517,28230,382890,2194123,0,3690,3690,15601,19291,206,90.84162772,88,673413
"150","New Jersey",2019,0,0,0,0,0,0,0,0,0,0,466,236,32602,0,0,0,278147,0,0,49363,31705,327510,2098952,0,3303,3303,13457,16761,196,62.79648656,47,413987
"151","New Mexico",2015,0,0,0,0,357525,18.168,19679,5.717,0,0,458,927,28119,1436329,1.154,1245145,0,846659,148095,38811,7257,2679324,681082,0,10131,10131,561,10692,19477,34.51458857,44,18236626
"152","New Mexico",2016,0,0,0,0,246549,18.48,13341,5.722,0,0,499,1366,43741,1422598,1.157,1229647,0,839040,146634,54822,8591,2563009,673638,0,10673,10673,407,11080,33285,112.3554714,75,1844186
"153","New Mexico",2017,0,0,0,0,257710,18.616,13844,5.723,0,0,487,1780,57673,1506770,1.159,1299732,0,986514,172377,67408,13076,2818402,684366,0,9312,9312,423,9735,42330,70.78614615,414,79970512
"154","New Mexico",2018,0,0,0,0,200179,18.549,10792,5.706,0,0,487,1361,72070,1734539,1.162,1493081,0,1421610,249143,85241,14764,3441568,703100,0,12703,12703,468,13171,55457,94.09550866,48,539053
"155","New Mexico",2019,0,0,0,0,268307,18.459,14536,5.698,0,0,885,1409,78715,2068295,1.169,1769086,0,1891645,331984,94063,15047,4322310,738484,0,14994,14994,354,15348,61374,358.5947178,749,28208367
"156","New York",2015,13,2,19793,3467,0,0,0,5.717,19780,3465,1185,242429,288404,17879,1.032,17325,466457,1635,286,409139,7729,895110,3838544,0,67532,67532,33410,100942,37061,90.06168948,142,29876375
"157","New York",2016,0,0,21669,3801,0,0,0,5.722,21669,3801,1185,248232,296467,13942,1.031,13523,434791,1287,225,412994,10674,863014,3768794,0,61123,61123,33736,94858,36376,37.38424068,21,1486681
"158","New York",2017,0,0,21022,3687,0,0,0,5.723,21022,3687,1185,277725,330933,11760,1.032,11395,441029,1105,193,447680,13919,901574,3776092,0,60164,60164,35562,95725,38105,13.98931001,32,824222
"159","New York",2018,0,0,18885,3308,0,0,0,5.706,18885,3308,1185,269752,325023,10994,1.032,10653,448718,1261,221,442993,17686,903967,3946032,0,64730,64730,34356,99086,36401,242.0091133,62,49550089
"160","New York",2019,0,0,20042,3519,0,0,0,5.698,20042,3519,1185,272679,336052,11313,1.032,10962,468481,1561,274,452190,22509,933544,3841948,0,64965,64965,31131,96096,39680,141.9209237,192,7882488
"161","North Carolina",2015,256,47,256,47,0,0,0,0,0,0,967,44191,59028,0,0,0,440248,0,0,170008,13870,610256,2595919,0,101592,101592,9132,110724,0,20.30121291,22,5818783
"162","North Carolina",2016,425,78,425,78,0,0,0,0,0,0,967,40779,75202,0,0,0,447500,0,0,199520,33397,647020,2619589,17887,114422,96534,9472,123894,58,82.42756253,239,8883799
"163","North Carolina",2017,222,41,222,41,0,0,0,0,0,0,967,35175,89578,0,0,0,443192,0,0,215578,49099,658771,2575147,17708,115730,98021,10048,125778,4337,19.04276093,89,1198524
"164","North Carolina",2018,199,37,199,37,0,0,0,0,0,0,967,60136,123878,0,0,0,439915,0,0,248825,57834,688740,2685032,19969,115308,95339,9439,124748,4941,213.1001319,64,5112413
"165","North Carolina",2019,188,35,188,35,0,0,0,0,0,0,967,55084,129772,0,0,0,437683,0,0,254022,69062,691705,2656262,19912,113628,93716,10433,124061,4659,189.2161684,59,5700232
"166","North Dakota",2015,8545,1573,57786,10199,392183,13.617,28802,5.717,49241,8626,978,19516,81127,678977,1.44,471360,0,2456200,429631,141748,7,3669109,608353,0,865,865,1971,2835,60627,62.85277614,67,1041662
"167","North Dakota",2016,9254,1703,65607,11587,399856,14.219,28121,5.722,56353,9884,978,17652,94079,766865,1.441,531997,0,2161886,377820,162635,7,3491242,583657,0,1021,1021,1928,2949,75443,122.771335,77,2944583
"168","North Dakota",2017,10389,1912,79984,14117,394022,13.687,28788,5.723,69595,12205,978,23789,129426,857330,1.443,593998,0,2235455,390609,212086,7,3698893,633995,0,839,839,1837,2676,104653,194.74322,86,764829
"169","North Dakota",2018,9756,1796,79645,14038,399835,13.488,29643,5.706,69889,12242,978,28952,127650,993022,1.405,706552,0,2627271,460440,209189,8,4229317,663153,0,837,837,1057,1894,97712,64.10739497,46,3360964
"170","North Dakota",2019,9718,1789,80390,14196,361946,13.407,26997,5.698,70672,12407,978,28312,129152,1187235,1.395,850826,0,2949752,517682,211395,11,4710328,683875,0,839,839,1014,1853,99852,61.68531518,61,2306029
"171","Ohio",2015,6914,1273,84018,14780,417682,24.51,17041,5.717,77105,13507,3435,4256,20579,1171552,1.163,1007270,181726,152650,26701,164904,1678,2088513,3708157,0,45462,45462,14845,60307,11211,14.76307256,41,2491389
"172","Ohio",2016,8675,1597,88369,15575,309088,24.601,12564,5.722,79695,13978,3435,4619,21425,1647241,1.146,1437285,175893,123595,21600,166682,1874,2422499,3667777,0,41902,41902,14986,56888,11497,163.7174435,56,936266
"173","Ohio",2017,9117,1678,92214,16251,233560,24.614,9489,5.723,83098,14573,3435,2555,23060,2009410,1.122,1791359,184997,114517,20010,167037,2435,2709522,3616508,0,36933,36933,14829,51762,14635,94.75605009,154,55322766
"174","Ohio",2018,8945,1647,95328,16778,219942,24.458,8993,5.706,86382,15131,3435,2222,24344,2652291,1.104,2403382,191483,129954,22775,172901,2755,3366571,3762435,0,38942,38942,14287,53229,15932,124.7805316,185,3637928
"175","Ohio",2019,7944,1462,93011,16396,192413,24.735,7779,5.698,85066,14934,3435,3585,28481,2901090,1.094,2651631,177624,159327,27962,174087,3269,3604541,3637669,0,38646,38646,13949,52595,18192,63.23252555,469,3767073
"176","Oklahoma",2015,3486,642,3486,642,17422,22.33,780,5.717,0,0,24,24825,155674,2880137,1.152,2499599,0,949416,166069,187199,71,4034174,1625556,0,22227,22227,5812,28038,130754,31.25796736,114,2449554
"177","Oklahoma",2016,4466,822,4466,822,14440,22.072,654,5.722,0,0,24,23758,209175,2864577,1.161,2468312,0,885142,154691,243569,115,4007728,1624919,0,22216,22216,7712,29928,185278,124.2127343,132,141776088
"178","Oklahoma",2017,4644,855,4644,855,12590,22.428,561,5.723,0,0,24,18760,236582,2936597,1.168,2513896,0,949291,165873,274848,382,4173327,1647508,0,28016,28016,5606,33622,217416,59.282972,30,520857
"179","Oklahoma",2018,4496,828,4496,828,15121,21.108,716,5.706,0,0,24,18526,268128,3346437,1.164,2875787,0,1140196,199824,308589,691,4810343,1715294,0,30026,30026,5939,35965,248887,52.35500953,271,4330170
"180","Oklahoma",2019,4115,757,4115,757,5153,22.665,227,5.698,0,0,24,34758,293834,3545508,1.168,3036052,0,1228381,215581,332320,734,5111362,1684997,0,28447,28447,5924,34371,258317,14.23973227,37,636384
"181","Oregon",2015,1183,218,6587,1164,0,0,0,0,5404,947,2898,291255,358382,889,1.048,848,0,0,0,438941,2430,439830,971766,0,67931,67931,6041,73972,61799,105.0688845,20,852979
"182","Oregon",2016,1394,257,6548,1161,0,0,0,0,5153,904,2928,318960,391102,848,1.059,801,0,0,0,468111,3140,468959,988158,0,64827,64827,5634,70461,66075,45.85390881,22,755535
"183","Oregon",2017,1481,273,7011,1242,0,0,0,0,5530,970,2839,352802,417834,700,1.062,659,0,0,0,501442,4827,502142,1041344,0,70785,70785,5813,76598,57366,41.38306985,57,535889
"184","Oregon",2018,1574,290,7251,1284,0,0,0,0,5677,994,2837,322671,401773,529,1.061,499,0,0,0,486994,8464,487523,1021526,0,72116,72116,5854,77970,67802,175.0969653,60,13144827
"185","Oregon",2019,1495,275,6579,1168,0,0,0,0,5084,892,2884,270017,340834,420,1.053,399,0,0,0,426391,9437,426811,1027578,0,73558,73558,5420,78977,58496,208.9666748,52,6168918
"186","Pennsylvania",2015,3216,592,16251,2875,1278078,25.124,50872,5.717,13035,2283,2162,24264,61427,5119772,1.064,4812983,842044,40522,7088,200534,3758,7480950,3897610,0,81888,81888,40968,122856,31244,98.01036447,23,1495639
"187","Pennsylvania",2016,4761,876,18865,3350,1168609,25.468,45885,5.722,14104,2474,2162,21922,60247,5525743,1.061,5210208,867302,35888,6272,196773,4071,7794315,3762485,0,76880,76880,40781,117661,32093,39.58013113,96,3286698
"188","Pennsylvania",2017,5515,1015,18741,3335,1260516,25.656,49131,5.723,13227,2320,2162,28775,68701,5769945,1.058,5453638,870187,37554,6562,204952,4684,8143154,3766880,0,76403,76403,41107,117510,33080,220.1938915,57,10494432
"189","Pennsylvania",2018,8265,1521,20894,3733,1278056,25.577,49968,5.706,12628,2212,2162,38799,78545,6632662,1.059,6264832,872749,36963,6478,220486,5111,9040917,3933425,0,81527,81527,39520,121047,32473,11.05692381,15,661136
"190","Pennsylvania",2019,5557,1023,20133,3582,1250902,24.979,50078,5.698,14576,2559,2162,31195,68176,7296205,1.058,6896792,869084,37362,6557,201783,5873,9655336,3818814,0,78020,78020,35453,113473,28946,74.14674879,123,64580916
"191","Rhode Island",2015,94,17,94,17,0,0,0,0,0,0,57,29,477,0,0,0,0,0,0,4886,298,4886,202693,0,2146,2146,2170,4315,94,15.52399536,38,3826069
"192","Rhode Island",2016,130,24,130,24,0,0,0,0,0,0,57,20,771,0,0,0,0,0,0,4700,450,4700,185173,0,1688,1688,2110,3799,245,93.83598219,31,4038180
"193","Rhode Island",2017,156,29,156,29,0,0,0,0,0,0,57,22,2129,0,0,0,0,0,0,5967,679,5967,182325,0,1645,1645,2037,3682,1372,684.6895943,261,46570295
"194","Rhode Island",2018,305,56,305,56,0,0,0,0,0,0,57,37,2710,0,0,0,0,0,0,6663,1173,6663,195556,0,1511,1511,2136,3647,1444,61.24871623,41,668749
"195","Rhode Island",2019,546,100,546,100,0,0,0,0,0,0,57,32,4057,0,0,0,0,0,0,8797,2131,8797,190581,0,2075,2075,2120,4194,1836,110.0554883,37,2735678
"196","South Carolina",2015,328,60,328,60,0,0,0,0,0,0,648,23897,24686,0,0,0,555909,0,0,128618,140,684526,1663373,0,98906,98906,4698,103604,0,5.854279866,23,493740
"197","South Carolina",2016,0,0,0,0,0,0,0,0,0,0,648,20551,21612,0,0,0,583883,0,0,131043,412,714927,1658202,6011,104947,98936,4484,109432,0,78.65855426,104,3061489
"198","South Carolina",2017,0,0,0,0,0,0,0,0,0,0,648,16906,19592,0,0,0,568390,0,0,132533,2037,700923,1647778,5951,108601,102650,4340,112941,0,101.1727696,75,2067441
"199","South Carolina",2018,0,0,0,0,0,0,0,0,0,0,648,27437,35034,0,0,0,551151,0,0,147096,6949,698247,1675118,6992,107525,100533,4537,112062,0,89.14479553,48,946699
"200","South Carolina",2019,0,0,0,0,0,0,0,0,0,0,648,26503,37758,0,0,0,585828,0,0,149844,10607,735672,1640751,8179,107922,99742,4164,112086,0,63.84608066,53,573639
"201","South Dakota",2015,0,0,152177,26658,0,0,0,5.717,152177,26658,1868,45202,70354,614,1.111,552,0,9507,1663,225499,10,235620,389999,0,2545,2545,424,2968,23274,34.25944031,32,13734021
"202","South Dakota",2016,0,0,154087,27026,0,0,0,5.722,154087,27026,1868,44365,80538,511,1.124,455,0,8045,1406,237289,15,245846,388097,0,2146,2146,519,2665,34290,106.2507516,54,840218
"203","South Dakota",2017,0,0,160796,28199,0,0,0,5.723,160796,28199,1868,48419,77574,531,1.115,476,0,7463,1304,241029,32,249023,394141,0,2116,2116,544,2660,27255,65.07220242,302,60034678
"204","South Dakota",2018,0,0,165485,28987,0,0,0,5.706,165485,28987,1868,57048,84755,494,1.105,447,0,7264,1273,254033,29,261791,406677,0,3218,3218,575,3793,25810,92.53702529,29,95135122
"205","South Dakota",2019,0,0,164101,28809,0,0,0,5.698,164101,28809,1868,70484,97224,450,1.088,414,0,6644,1166,264674,33,271768,405954,0,2807,2807,543,3350,24839,358.1643733,609,158244985
"206","Tennessee",2015,184,34,23845,4179,23192,25.841,897,5.717,23661,4145,213,89288,91221,4959,1.16,4276,261037,1692,296,182019,1294,472899,2179722,0,61479,61479,5474,66953,427,91.72734664,96,10796826
"207","Tennessee",2016,250,46,25503,4475,16596,25.771,644,5.722,25253,4429,213,62538,64645,4180,1.16,3603,309357,1471,257,154183,1546,485787,2207227,0,58624,58624,5411,64036,348,36.63166173,19,1306178
"208","Tennessee",2017,244,45,25649,4500,11168,25.905,431,5.723,25404,4455,213,80071,82362,3515,1.179,2982,332779,1551,271,166421,1679,515435,2145679,0,52821,52821,5589,58411,399,13.58957516,40,1485254
"209","Tennessee",2018,2721,501,27703,4877,5922,25.521,232,5.706,24982,4376,213,93705,96669,3737,1.138,3283,378224,1198,210,186147,2378,575228,2233190,134,56329,56195,5446,61775,373,233.5527795,53,52936642
"210","Tennessee",2019,4025,741,28391,5018,11341,26.016,436,5.698,24366,4278,213,90206,94526,3221,1.037,3107,372992,1202,211,181028,3769,569785,2171765,1606,54487,52880,3625,58111,338,136.4670209,191,2374660
"211","Texas",2015,18977,3493,66021,11734,471257,13.12,35918,5.717,47044,8241,2478,8913,435590,9392314,1.19,7890459,411571,7213013,1261678,583008,6397,18071163,12757827,0,54367,54367,27029,81397,417802,20.51554679,14,329849
"212","Texas",2016,22916,4218,71381,12718,515707,13.223,39001,5.722,48465,8500,2478,12389,556938,8659990,1.199,7225471,440109,6683754,1168080,709194,10946,17008753,12986076,0,53208,53208,27667,80874,531124,77.29621466,120,3041432
"213","Texas",2017,25313,4659,74708,13322,474274,13.036,36382,5.723,49395,8663,2478,9784,655250,8735219,1.209,7223841,403523,7297941,1275195,810455,25155,17721412,13173303,0,55169,55169,25328,80497,617833,20.08591692,60,910270
"214","Texas",2018,29389,5409,76580,13675,328812,13.247,24823,5.706,47192,8266,2478,10255,738209,9776991,1.216,8041010,430597,9181148,1609034,901492,36299,20619040,14009870,0,59316,59316,27387,86703,689177,203.43232,84,11321378
"215","Texas",2019,27689,5096,68502,12261,308449,13.234,23307,5.698,40813,7165,2478,13139,808642,11323138,1.207,9378489,431234,10608326,1861763,963581,48385,23634727,14234096,5532,64868,59336,21569,86437,744639,176.1079655,52,1593785
"216","Utah",2015,9,2,9,2,325216,22.555,14419,5.717,0,0,4811,7164,18788,461219,1.106,417020,0,212307,37136,23993,980,1022734,798313,0,3765,3765,1430,5195,5833,60.4526702,43,992149
"217","Utah",2016,0,0,0,0,310453,22.223,13970,5.722,0,0,5287,7012,31057,401909,1.1,365269,0,174681,30528,36562,11167,923606,807711,0,3981,3981,1523,5504,7591,115.3817286,63,1092217
"218","Utah",2017,0,0,0,0,317768,22.182,14326,5.723,0,0,5239,11919,48162,346868,1.1,315211,0,197089,34438,53282,23097,915007,827453,0,3910,3910,1211,5120,7907,194.892652,67,250695185
"219","Utah",2018,0,0,0,0,305328,22.42,13619,5.706,0,0,4866,8440,44435,326320,1.103,295826,0,211790,37117,50358,23895,893795,844319,0,4963,4963,959,5922,7234,63.32557454,30,1860604
"220","Utah",2019,0,0,0,0,326024,22.632,14405,5.698,0,0,3572,7793,42278,299544,1.102,271808,0,210450,36934,48225,23623,884243,855124,0,5028,5028,919,5947,7290,56.87149823,73,1428319
"221","Vermont",2015,0,0,0,0,0,0,0,0,0,0,29,10619,14724,0,0,0,0,0,0,38784,1044,38784,140546,0,23753,23753,307,24060,3032,14.42640502,41,1093090
"222","Vermont",2016,0,0,0,0,0,0,0,0,0,0,29,9948,14000,0,0,0,0,0,0,35637,1335,35637,135276,0,21418,21418,220,21638,2688,159.2399805,65,2360732
"223","Vermont",2017,0,0,0,0,0,0,0,0,0,0,29,11796,16668,0,0,0,0,0,0,37792,2029,37792,134076,0,20957,20957,167,21124,2814,92.08969013,140,29572563
"224","Vermont",2018,0,0,0,0,0,0,0,0,0,0,29,11546,17225,0,0,0,0,0,0,41553,2252,41553,138642,0,24190,24190,137,24327,3399,116.985714,177,3478408
"225","Vermont",2019,0,0,0,0,0,0,0,0,0,0,29,11906,18063,0,0,0,0,0,0,40997,2767,40997,136905,0,22287,22287,646,22933,3361,62.54458802,269,2609443
"226","Virginia",2015,259,48,6036,1060,365832,25.546,14321,5.717,5777,1012,1701,10795,13300,134220,1.052,127586,293455,63,11,137589,803,931160,2440821,0,97882,97882,20371,118254,0,32.28539515,61,618074
"227","Virginia",2016,427,79,3632,641,335590,25.12,13359,5.722,3205,562,1701,13585,16391,126663,1.053,120288,310966,40,7,139807,1105,913066,2420341,7829,100463,92635,19320,119784,0,122.6043034,115,126884709
"228","Virginia",2017,440,81,7654,1346,343642,25.079,13702,5.723,7215,1265,1701,10285,16020,121571,1.053,115452,319562,40,7,140979,4034,925794,2401427,7750,101834,94084,15470,117304,0,57.15288871,18,759349
"229","Virginia",2018,699,129,6898,1214,318949,24.512,13012,5.706,6199,1086,1701,16067,26009,117273,1.052,111476,305826,29,5,159914,8240,901990,2501044,8740,106680,97941,20327,127007,0,50.47008377,206,2293019
"230","Virginia",2019,323,60,853,153,320290,25.687,12469,5.698,530,93,1701,13529,25398,111869,1.052,106366,308013,34,6,142651,10167,882858,2460902,8715,97967,89252,18433,116400,0,13.9338009,26,739179
"231","Washington",2015,7251,1335,7251,1335,0,0,0,0,0,0,1136,684060,751781,0,0,0,85347,0,0,872328,649,957675,1995985,0,104876,104876,8421,113296,65936,100.8319854,17,314035
"232","Washington",2016,8373,1541,8373,1541,0,0,0,0,0,0,1136,723289,799624,0,0,0,100674,0,0,930780,957,1031454,2056396,0,114342,114342,8441,122783,74242,48.94208108,12,1493382
"233","Washington",2017,9204,1694,9204,1694,0,0,0,0,0,0,1136,757151,823289,0,0,0,85013,0,0,950220,1201,1035233,2075340,0,109704,109704,8023,117726,63801,41.74259297,22,201782
"234","Washington",2018,10049,1850,10049,1850,0,0,0,0,0,0,1136,736362,810926,0,0,0,101502,0,0,937724,1506,1039226,2054390,0,109222,109222,7526,116749,71922,168.9712856,69,30602444
"235","Washington",2019,9826,1808,9826,1808,0,0,0,0,0,0,1136,587893,650831,0,0,0,92584,0,0,779076,2341,871660,2078663,0,110500,110500,7919,118419,59461,196.6865897,44,2756315
"236","West Virginia",2015,0,0,0,0,2447181,25.589,95633,5.717,0,0,32,12907,25858,1562536,1.188,1315248,0,66157,11572,37954,93,4113828,768657,0,11941,11941,155,12096,12825,90.83789996,13,645165
"237","West Virginia",2016,0,0,0,0,2041073,25.57,79823,5.722,0,0,32,15124,28482,1667404,1.204,1384458,0,43693,7636,39653,104,3791823,762366,0,11081,11081,90,11171,13222,41.83917874,75,13382214
"238","West Virginia",2017,0,0,0,0,2390309,25.752,92821,5.723,0,0,32,15280,30937,1836375,1.213,1514278,0,49372,8627,41643,126,4317700,753016,0,10632,10632,75,10706,15499,218.7358219,58,2943270
"239","West Virginia",2018,0,0,0,0,2468639,25.847,95510,5.706,0,0,32,16821,33107,2159553,1.219,1771698,0,72689,12739,45418,140,4746299,831311,0,12087,12087,225,12311,16114,10.36524019,17,8838243
"240","West Virginia",2019,0,0,0,0,2422224,25.927,93425,5.698,0,0,32,15192,29912,2598072,1.205,2155214,0,98325,17256,41973,163,5160593,829454,0,11833,11833,227,12060,14525,69.44598066,49,53928982
"241","Wisconsin",2015,2614,481,79450,13941,0,0,0,0,76836,13460,615,21813,37744,0,0,0,104666,0,0,223881,505,328547,1814408,0,97353,97353,9334,106687,14811,15.97796876,21,538508
"242","Wisconsin",2016,3245,597,82079,14424,0,0,0,0,78834,13827,615,25806,40993,0,0,0,106173,0,0,224249,583,330423,1801012,0,91748,91748,9430,101178,13989,92.23669942,45,6964195
"243","Wisconsin",2017,1894,349,83624,14682,0,0,0,0,81729,14333,615,24481,41165,0,0,0,100919,0,0,224172,953,325091,1817947,0,90051,90051,9333,99384,15116,683.2325698,122,9605822
"244","Wisconsin",2018,2953,544,89233,15657,0,0,0,0,86279,15113,615,21777,38588,0,0,0,105900,0,0,232096,1287,337996,1896601,0,95231,95231,9044,104275,14909,61.50322731,71,448561
"245","Wisconsin",2019,3491,643,88934,15643,0,0,0,0,85442,15000,615,23518,42338,0,0,0,104736,0,0,232452,1483,337188,1847846,0,92350,92350,8831,101181,16722,106.76702,34,4195235
"246","Wyoming",2015,0,0,1192,209,6538240,17.399,375773,5.717,1192,209,663,8091,43791,1998295,1.105,1808519,0,494355,86471,49887,27,9080777,507121,0,4904,4904,2,4905,35009,6.020390617,27,1121855
"247","Wyoming",2016,0,0,0,0,5169939,17.394,297218,5.722,0,0,663,8987,50206,1878141,1.129,1662909,0,415795,72666,54565,33,7518440,504984,0,4357,4357,2,4358,40522,84.16948233,88,18389113
"248","Wyoming",2017,0,0,0,0,5516757,17.433,316454,5.723,0,0,663,10352,50867,1788258,1.125,1590059,0,433655,75774,55916,45,7794586,534840,0,5049,5049,0,5049,39806,94.82242355,103,2915140
"249","Wyoming",2018,0,0,0,0,5315953,17.476,304188,5.706,0,0,663,8883,46550,1842525,1.125,1637517,0,502031,87983,51483,67,7711992,557604,0,4934,4934,0,4934,36936,85.44599619,44,790383
"250","Wyoming",2019,0,0,0,0,4828513,17.437,276912,5.698,0,0,663,8838,48259,1684374,1.131,1488854,0,582170,102171,53228,1688,7148285,546671,0,4969,4969,0,4969,37070,59.09664881,32,570570
